:020000040800F2
:1000000000000220E17D0008756F0008816F000884
:10001000876F00088D6F0008936F000800000000D4
:10002000000000000000000000000000996F0008C0
:10003000A56F000800000000B16F0008BD6F000848
:10004000297E0008297E0008297E0008297E0008F4
:10005000297E0008297E0008297E0008297E0008E4
:10006000297E0008297E0008297E0008297E0008D4
:10007000297E0008297E0008297E0008297E0008C4
:10008000297E0008297E0008297E0008297E0008B4
:10009000297E0008297E0008297E0008297E0008A4
:1000A000297E0008297E0008297E0008297E000894
:1000B000C96F0008297E0008297E0008297E0008F3
:1000C000297E0008297E0008297E0008297E000874
:1000D000297E0008297E0008297E0008297E000864
:1000E000297E0008297E0008297E0008297E000854
:1000F000297E0008297E0008297E0008297E000844
:10010000297E0008297E0008297E0008297E000833
:10011000297E0008297E0008297E0008297E000823
:10012000297E0008297E0008297E0008297E000813
:10013000297E00080000000000000000297E000861
:10014000297E0008297E0008297E0008297E0008F3
:10015000297E0008297E0008297E0008297E0008E3
:10016000297E0008297E0008297E0008297E0008D3
:10017000297E0008297E0008000000000000000021
:08018000297E0008297E000819
:1001C0000348044B834202D0034B03B118477047E6
:1001D000FC010020FC010020000000000548064949
:1001E000091A891001EBD171491002D0034B03B1F8
:1001F00018477047FC010020FC01002000000000AF
:1002000010B5064C237843B9FFF7DAFF044B13B15E
:100210000448AFF300800123237010BDFC010020CF
:1002200000000000B0BC000808B5044B1BB1044935
:100230000448AFF30080BDE80840CFE700000000AD
:1002400000020020B0BC000800B5124A20F00043B4
:10025000934283B017DDB3F1FF4F05DB014601F098
:10026000D1FE03B05DF804FB694600F08DFA420050
:1002700002F00202C2F101020199009800F0ACFF05
:1002800003B05DF804FB0122002100F0A5FF03B0DC
:100290005DF804FBDA0F493FF0B5234E8BB00446FE
:1002A00000F09AF896F90030013305462FD0214628
:1002B000204602F077F9074648BB204601F0DAF9FC
:1002C0004FF07E5102F064F908B3184B08970122F1
:1002D0002046CDE9002301F0D7FB02460B46144827
:1002E000CDE90423CDE9022301F0B2F896F90030FC
:1002F000022BCDE906010DD0684601F0A7F848B100
:10030000089B63B9DDE9060101F028FE0546284691
:100310000BB0F0BD02F082F921230360F0E702F098
:100320007DF9089B0360EDE7280000201CBC000855
:1003300050BC000800F098B9F0B58BB0044600F04E
:1003400095FB234B93F900506B1C06460AD02146BF
:10035000204602F027F9074620B90021204602F086
:10036000F9F810B930460BB0F0BD1A4B08970122CE
:100370002046CDE9002301F087FB0022CDE90401EE
:10038000CDE902010023ADB11046194601F0FEFC93
:10039000022DCDE906010FD102F040F921230360BF
:1003A000089B7BB9DDE9060101F0D8FD0646304621
:1003B0000BB0F0BDCDE90623684601F047F80028F0
:1003C000EED1E9E702F02AF9089B0360EAE700BFF3
:1003D0002800002024BC00082DE9F04720F000454B
:1003E000B5F17E5F04461AD011DCB5F17C5F06469C
:1003F0006FDAB5F1485F20DA8B4901F005FE4FF066
:100400007E5102F0C5F8002863D0204605E0014681
:1004100001F0F8FD014601F0B3FFBDE8F087834924
:1004200001F0FAFE82490546204601F0F5FE01463C
:10043000284601F0E9FDBDE8F087014601F0ECFE39
:100440007C49054601F0E8FE7B4901F0DDFD2946C7
:1004500001F0E2FE794901F0D5FD294601F0DCFE0C
:10046000774901F0D1FD294601F0D6FE754901F02A
:10047000C9FD294601F0D0FE734901F0C5FD2946AA
:1004800001F0CAFE71490646284601F0C5FE7049D2
:1004900001F0B8FD294601F0BFFE6E4901F0B4FD40
:1004A000294601F0B9FE6C4901F0ACFD294601F086
:1004B000B3FE4FF07E5101F0A7FD0146304601F03A
:1004C0005FFF214601F0A8FE214601F09DFDBDE839
:1004D000F087204601F0CEF801464FF07E5001F043
:1004E00091FD4FF07C5101F097FE5249044601F016
:1004F00093FE514901F088FD214601F08DFE4F49E0
:1005000001F080FD214601F087FE4D4901F07CFDA0
:10051000214601F081FE4B4901F074FD214601F0B6
:100520007BFE494901F070FD214601F075FE474907
:100530008046204601F070FE454901F063FD2146EA
:1005400001F06AFE434901F05FFD214601F064FEBF
:10055000414901F057FD214601F05EFE4FF07E510A
:1005600001F052FD8146204600F080FA3B4B9D424F
:10057000074619DD4946404601F002FF394601F0C1
:100580004BFE394601F040FD014601F03DFD344986
:1005900001F03AFD0146254801F034FD002E3FF7F9
:1005A0003CAF00F1004038E7014601F02DFD49461F
:1005B0008246404601F0E4FE0146504601F02CFE22
:1005C00027F47F6525F00F0580462946284601F06F
:1005D00023FE0146204601F015FD39460446284613
:1005E00001F012FD0146204601F0CAFE014601F06D
:1005F0000BFD01460E4801F005FD0146404601F0A5
:1006000001FD29460446284601F0FEFC0146154836
:1006100001F0F8FC0146204601F0F4FC01461148C7
:1006200001F0F0FCBAE700BFCAF24971DB0FC93F25
:100630002EBD3BB308EF1138047F4F3A4611243DDD
:10064000A80A4E3E90B0A63EABAA2A3E2EC69D3DBD
:100650006133303F2D57014039D119409999793F85
:100660002EBD3B33DB0F493FF8B521F00044B4F118
:10067000FF4F0A46034614DC20F00045B5F1FF4F5A
:1006800007460EDCB1F17E5F31D08E1706F0020610
:1006900046EAD07655B9022E3AD0032E00D1314821
:1006A000F8BD1946104601F0AFFCF8BDDCB1B4F15D
:1006B000FF4F20D0B5F1FF4F15D02C1BE4153C2C7B
:1006C00028DC002928DA3C3426DA0020012E34D038
:1006D000022E2AD0002EE3D0234901F095FC2349B5
:1006E00001F090FCF8BD002F10DB2148F8BDBDE8FB
:1006F000F84000F0B3BEB5F1FF4F21D0022E07D075
:10070000032ECCD0012E23D00020F8BD1948F8BD0F
:100710001648F8BD1648D9E71146184601F030FED4
:1007200000F0A8FF00F09AFED0E70F4901F06CFC42
:1007300001460E4801F066FCF8BD00F10040F8BD2E
:10074000022E0CD0032E08D0012E04D00A48F8BD8A
:100750004FF00040F8BD0948F8BD0948F8BD094808
:10076000F8BD00BFDB0F49C02EBDBB33DB0F4940D6
:10077000DB0FC93FDB0FC9BFDB0F493FDB0F49BFB1
:10078000E4CB16C0E4CB16402DE9F04FAA4A20F086
:100790000044944289B06FDDA84A944206460D4653
:1007A0001CDC002824F00F04A5496DDD01F02AFCB3
:1007B000A44B9C42064600F0E980A34901F022FCCC
:1007C00001462860304601F01DFC9F4901F01AFCEB
:1007D00001276860384609B0BDE8F08F9B4A944213
:1007E00068DDB4F1FF4F80F2CA80E715863FA4EBC5
:1007F000C754204601F0ECFE01F0BAFC0346014666
:100800002046059301F0FEFB4FF0874101F004FD07
:10081000804601F0DDFE01F0ABFC01460446404697
:10082000069401F0EFFB4FF0874101F0F5FC002149
:10083000079001F085FE002800F0DB8020460021B3
:1008400001F07EFE002814BF01230223804A01929A
:1008500002213A46009105A8294600F05BF9002ED6
:1008600007460DDAD5E9002302F1004203F1004307
:1008700047422A606B6003E0002208604A6000275C
:10088000384609B0BDE8F08F01F0BEFB6D4B9C42CD
:10089000064600F09B806C4901F0B6FB01462860DB
:1008A000304601F0AFFB684901F0AEFB4FF0FF3777
:1008B0006860E5E700F0DEFE6649804601F0ACFCCA
:1008C0004FF07C5101F0A0FB01F082FE074601F0E1
:1008D0004FFC5B49834601F09FFC0146404601F016
:1008E00091FB59498146584601F096FC1F2F8246DC
:1008F000014648465CDD01F085FB8046E215C8F301
:10090000C753D31A082B5EDD53490392584601F0B2
:1009100083FC80460146484601F074FB01460446CC
:10092000484601F06FFB414601F06CFB4B498046A5
:10093000584601F071FC414601F064FB01468246D5
:10094000204601F05FFB039AC0F3C753D21A192A5D
:10095000804650DC2860A1464146484601F052FBE3
:10096000514601F04FFB002E686089DA08F100481B
:1009700000F10040C5F8008068607F4280E70146D2
:1009800001F040FB00276860286079E7324901F0F8
:1009900039FB3249044601F035FB01462860204608
:1009A00001F030FB2D4901F02DFB0127686067E75E
:1009B00001F028FB2A4A791E24F0FF0352F8212077
:1009C000934280469AD0C5F80080C5E7224901F0DD
:1009D0001BFB2249044601F017FB01462860204614
:1009E00001F010FB1D4901F00FFB4FF0FF3768606D
:1009F00046E703232AE71B49584601F00DFC8046D1
:100A00000146204601F0FEFA01468146204601F0EB
:100A1000F9FA414601F0F6FA13490446584601F046
:100A2000FBFB214601F0EEFA01468246484601F002
:100A3000E9FA8046C7E700BFD80F493FE3CB16402D
:100A4000800FC93FD00FC93F43443537800F49431A
:100A500038B7000884F9223F0044353708A3852EB3
:100A6000B8B6000800A3852E32318D2420F0004254
:100A7000B2F1FF4FF8B504463BD2CAB30028034693
:100A80003EDBB2F5000F4FEAE0500AD214F4000248
:100A900001D03CE00A465B001C0202F10101F9D5DD
:100AA000801AC3F316037F3843F40002C1074FF0E6
:100AB00000064FEA42034FEA600748BF9300314601
:100AC00019244FF080728D189D4202DC5B1BA9181F
:100AD0001644013C4FEA43034FEA5202F3D113B1EB
:100AE000013626F00106701000F17C5000EBC75073
:100AF000F8BD014601F090FB214601F085FAF8BDF2
:100B0000014601F07FFA014601F03AFCF8BD4FF0D2
:100B1000FF32C5E72DE9F04FDDB0C64C0793013B2E
:100B20000193D31E48BF131DDB10669D0B9123EA72
:100B3000E37154F8254004944B1CA2EBC3030593C6
:100B4000049A019B0991CF1AD318064618D43B4446
:100B500000255C1C0DF18008DDF89C9108E059F837
:100B6000270001F005FB0137A74248F8040B07D026
:100B7000002FF4DA01372846A74248F8040BF7D1D2
:100B8000049B002BC0F2FD82079B0499321F9B003F
:100B9000D518039220AA89000693D61849AB029172
:100BA00003EB010848AF4FF00009019B002BC0F296
:100BB0009F81039CB246CB465AF8041D54F8040F9B
:100BC00001F02AFB0146584601F01EFAAC4283466A
:100BD000F2D147F804BB474506F10406E5D1029A75
:100BE00006990398049C0DF1300AA2F108035344BE
:100BF0000A930BAB014413440D460893A3005CAA6F
:100C00000293D318002C53F850BC22DD0DF59078D8
:100C100008EB840657464FF06E51584601F0FCFA37
:100C200001F0D6FC01F0A4FA4FF08741814601F0B3
:100C3000F3FA0146584601F0E5F901F0C9FC56F80F
:100C4000041D47F8040B484601F0DEF9464583468B
:100C5000E1D1059F5846394600F054FD4FF07851D8
:100C6000064601F0D9FA00F009FD4FF0824101F08B
:100C7000D3FA0146304601F0C5F9064601F0A8FC5A
:100C8000834601F075FA0146304601F0BBF9002FAA
:100C9000064640F3D180611EC7F108035AF82120AF
:100CA000384642FA03F707FA03F3D31AC0F10708EC
:100CB0004AF82130BB4443FA08F8B8F1000F29DDA7
:100CC000002C0BF1010B40F34582DAF80070002F85
:100CD00040F09780012C0AD05146012251F8047F40
:100CE000531C002F40F08F809C421A46F6D1059B82
:100CF000002B0BDD012B00F09781022B06D1621E29
:100D00005AF8223003F03F034AF82230B8F1020FBC
:100D100000F0D7800021304601F012FC002800F0DE
:100D2000A180049B671EBB420FDC04F18043013BA2
:100D300008980AEB8303002253F80419834242EA1D
:100D40000102F9D1002A40F0DC80049B013B5AF8F3
:100D50002330002B40F0C9800A9B4FF0010853F864
:100D6000042908F10108002AF9D008EB040304F172
:100D700001099945069339DC099A079909EB02069E
:100D800002EB030B06F18046679B013E03EB8606F0
:100D900048AB03EB8909679B0C4403EB8B0320A949
:100DA00001EB8404029356F8040F01F0E1F9019B72
:100DB0002746002B47F8040B1ADB043CDDF80CB087
:100DC0004FF0000801E054F804095BF8041F01F03B
:100DD00023FA0146404601F017F9AB458046F2D1AF
:100DE000029B49F8048B9E423C46DCD1069C05E7F9
:100DF000029B4FF000089E4249F8048B3C46D2D13A
:100E0000F4E701230022C7F580779C424AF822705C
:100E10000EDD02995AF82320514489460AEB8303D8
:100E200000E01A68C2F1FF0243F8042B4B45F8D1E9
:100E300001275CE750BA000805D1631E5AF8233039
:100E40004FEA232839E74FF07C5101F097FB002847
:100E500040F0798180460021304601F071FB002886
:100E60007FF45FAF059BCDF808805942304600F013
:100E700049FC4FF08741054601F080FB002800F057
:100E80006B814FF06E51284601F0C6F901F0A0FBCE
:100E900001F06EF94FF08741064601F0BDF90146B9
:100EA000284601F0AFF801F093FB4AF824003046E1
:100EB00001F08EFB059B671C083305934AF8270059
:100EC00033E031464FF07E5001F09CF80646002F8B
:100ED0003FF420AF05994FF07E5000F013FC01461F
:100EE000304601F08FF8064614E74FF001083CE762
:100EF000CB4647F804BB474506F104067FF455AEE0
:100F00006DE6059A5AF82730CDF80880083A059220
:100F10005BB907F18043013B0AEB830353F80419E3
:100F2000013F083A0029F9D0059205994FF07E500B
:100F300000F0E8FB002F0446C0F22C814FEA87083E
:100F400048AA08F10403904406934FF06E560AEB4A
:100F5000030908F1040559F8040D01F009F92146C7
:100F600001F05AF9314645F8040D204601F054F9D4
:100F7000D1450446EFD134AB7A1CDDF810900393D1
:100F8000A8F10408019200269A46CDF814B00497FF
:100F9000B9F1000FC0F2D5808D4D8E48C3460027B1
:100FA000002403E0B4420DDC55F8040F5BF8041F85
:100FB00001F032F90146384601F026F80134A14526
:100FC0000746EFDA019B4AF8047B01369E42A8F1FE
:100FD0000408DDD1669BDDE9047B032B1FD8DFE825
:100FE00003F09A87872B029B0020002B40F0BB80E8
:100FF0000B9B01461860349801F004F8002F0CDDBB
:1010000034AD0124013455F8041F00F0FDFFA74260
:10101000F8DA029B002B40F0B1800B9B58600BF07C
:1010200007005DB0BDE8F08F621E5AF8223003F071
:101030007F034AF8223069E6002F40F3C680BE00E5
:101040005CAB334434AA53F8A08C039294199246B3
:1010500054F8049C4146484600F0D6FF0546014638
:10106000484600F0CFFF414600F0CEFF206044F834
:10107000045DA245A846EBD1012F40F3A6805CABEE
:101080003344039A53F8A08C1644344635AF54F8D1
:10109000049C4146484600F0B7FF054601464846D5
:1010A00000F0B0FF414600F0AFFF206044F8045D5F
:1010B000A742A846EBD1039D00200436083556F818
:1010C000041D00F0A1FFB542F9D10299349A359B75
:1010D00029B102F1004203F1004300F100400B99F5
:1010E00088600BF007000A604B605DB0BDE8F08FD0
:1010F000002FFFF678AF34AD05EB870400200434F1
:1011000054F8041D00F080FFA542F9D1029B002B8A
:101110003FF46EAF27E0069B039D1C4600202C4445
:1011200054F8041D00F070FFA542F9D1029B0BB1E9
:1011300000F100400B9B18600BF007005DB0BDE8AC
:10114000F08F00273EE7002C0BF1010B34DD4FF050
:101150000208BAE50027CAE5284601F039FA274611
:101160004AF82400E1E60B9A00F1004301461360BF
:10117000349800F047FF002F3FF742AF00F10040E6
:101180004BE7331F0393079B9B000693049B9B0035
:10119000029324E5669B032B3FF641AF01A252F870
:1011A00023F000BFB5110008F1100008F11000088D
:1011B000391000080020B9E731464FF07E5000F0AA
:1011C00021FF4FF002080646A4E500207DE700BF9E
:1011D0005CBA00080000C93F2DE9F04F20F000493B
:1011E000B9F1465F83B0054606460F46924615DACA
:1011F00001F0EEF948BB0AF1010353EA090300F0DC
:10120000F580BAF1010F00F0FB8029467D4801F01E
:10121000B7F80446204603B0BDE8F08F7A4B9945F5
:1012200013DD0028BCBF00F1004501F100477748FD
:10123000294600F0E7FE39460446754800F0E2FE14
:10124000214600F0E1FE002705462946284600F029
:10125000E3FF0146804600F0DFFF41460446284692
:1012600000F0DAFF6B498346204600F0D5FF6A495B
:1012700000F0CAFE214600F0CFFF684900F0C4FE2E
:10128000214600F0C9FF664900F0BEFE214600F08D
:10129000C3FF644900F0B8FE214600F0BDFF62497B
:1012A00000F0B2FE414600F0B7FF604901902046D1
:1012B00000F0B2FF5E4900F0A7FE214600F0ACFF4F
:1012C0005C4900F0A1FE214600F0A6FF5A4900F05B
:1012D0009BFE214600F0A0FF584900F095FE2146F4
:1012E00000F09AFF564900F08FFE019B0146184618
:1012F00000F08AFE594600F08FFF394600F084FE68
:10130000414600F089FF394600F07EFE4D49044613
:10131000584600F081FF214600F076FE0146074660
:10132000284600F071FE384B994504462EDCBAF190
:10133000010F27D021463348434E01F021F83440B5
:1013400080462946204600F05DFE06EA0805014673
:10135000384600F057FE294600F05EFF2946064653
:10136000204600F059FF4FF07E5100F04DFE01463F
:10137000304600F049FE414600F04EFF294600F09D
:1013800043FE0446204603B0BDE8F08F504600F00F
:10139000EFFE21468046204600F03EFF4146814652
:1013A000204600F031FE0146484600F0E9FF39468C
:1013B00000F028FE0146284600F024FE014600F019
:1013C00023FE0146404600F01DFE0446B01700F023
:1013D0000200C0F1010000F0CBFE0146204600F003
:1013E0001BFF0446204603B0BDE8F08F284600F0FE
:1013F00041F901464FF07E5000F0C2FF0446C1E7BC
:101400002C46BFE7000080BF3FA12C3FDA0F493FC9
:10141000682122338453D9377AC09538B937813956
:1014200048DEBE3A1F37113CD10D5D3D5FAE9BB724
:1014300045F4A338C8261A3A16696B3BA427B33C77
:101440008988083EABAAAA3E00F0FFFF0020704743
:1014500000200149704700BF0000F87F2DE9F041EE
:1014600020F00045B5F1A14F0446064608DBB5F172
:10147000FF4F72DC002840F39F806B48BDE8F0818D
:101480006A4B9D427ADCB5F1445F6BDB4FF0FF376E
:101490002146204600F0C0FE0146804600F0BCFE1A
:1014A0006349054600F0B8FE624900F0ADFD2946EB
:1014B00000F0B2FE604900F0A7FD294600F0ACFE46
:1014C0005E4900F0A1FD294600F0A6FE5C4900F04F
:1014D0009BFD294600F0A0FE5A4900F095FD4146CB
:1014E00000F09AFE58498046284600F095FE57497C
:1014F00000F088FD294600F08FFE554900F082FD7E
:10150000294600F089FE534900F07CFD294600F091
:1015100083FE514900F076FD294600F07DFE01462C
:10152000404600F071FD214600F076FE7B1C01462E
:1015300044D04A4D05EB8703196900F063FD21464D
:1015400000F060FD014655F8270000F05BFD002E1D
:1015500006DA00F10040BDE8F081014600F054FDDC
:10156000BDE8F0813E4900F04FFD4FF07E5101F0A3
:101570000FF800288AD02046BDE8F08100F07AF804
:10158000384B9D4204461EDCA3F5D0039D4239DC56
:10159000014600F039FD4FF07E5100F033FD4FF071
:1015A00080410546204600F02FFD0146284600F008
:1015B000E7FE002704466BE72B48D1E7204600F002
:1015C00021FDBDE8F081294B9D4214DC4FF07F5195
:1015D00000F018FD4FF07F510546204600F01CFE3C
:1015E0004FF07E5100F010FD0146284600F0C8FE85
:1015F000022704464CE701461D4800F0C1FE0327C0
:10160000044645E74FF07E5100F0FCFC4FF07E5160
:101610000546204600F0F8FC0146284600F0B0FEE2
:101620000127044634E700BFDB0FC93FFFFFDF3E61
:10163000D769853C59DA4B3D356B883D6E2EBA3DF6
:101640002549123EABAAAA3E21A215BD6BF16E3D03
:1016500095879D3D388EE33DCDCC4C3E88BA000841
:10166000CAF24971FFFF973FDB0FC9BFFFFF1B4065
:10167000000080BF20F00040704700BF2DE9F0411E
:1016800020F00047FC0D7F3C162C054618DC002C92
:10169000804620DB184F2741384214D0174900F00C
:1016A000B3FC002100F074FF68B1002D04DA4FF4A0
:1016B000000343FA04F4A04428EA0700BDE8F081DF
:1016C000B7F1FF4F02D22846BDE8F081014600F095
:1016D0009BFCBDE8F081094900F096FC002100F078
:1016E00057FF0028EFD0002D01DB0020ECE7002F92
:1016F000E9D00348E8E700BFFFFF7F00CAF2497165
:10170000000080BF10B50C4630F00041034610D0F9
:10171000B1F1FF4F0ED2B1F5000F0FD30246C80D45
:101720002044FE281EDC002824DD22F0FF4242EA8D
:10173000C05010BD014600F067FC10BD4FF098414D
:1017400000F06AFD184A9442034607DB0246C0F3E4
:10175000C7501938E4E7154800F02CF8134900F099
:101760005BFD10BD1946124800F024F8104900F046
:1017700053FD10BD10F1160F0BDA4CF250329442AB
:101780001946E8DD0A4800F015F8094900F044FD63
:1017900010BD22F0FF42193042EAC0504FF04C51C8
:1017A00000F03AFD10BD00BFB03CFFFF6042A20D4B
:1017B000CAF2497101F0004120F00040084370472F
:1017C00081F0004102E000BF83F0004330B54FEAF2
:1017D00041044FEA430594EA050F08BF90EA020F5F
:1017E0001FBF54EA000C55EA020C7FEA645C7FEAF2
:1017F000655C00F0E2804FEA5454D4EB5555B8BF15
:101800006D420CDD2C4480EA020281EA030382EA85
:10181000000083EA010180EA020281EA0303362D17
:1018200088BF30BD11F0004F4FEA01314FF4801CEA
:101830004CEA113102D0404261EB410113F0004FFC
:101840004FEA03334CEA133302D0524263EB4303B3
:1018500094EA050F00F0A780A4F10104D5F1200E51
:101860000DDB02FA0EFC22FA05F2801841F10001AC
:1018700003FA0EF2801843FA05F359410EE0A5F180
:1018800020050EF1200E012A03FA0EFC28BF4CF0B1
:10189000020C43FA05F3C01851EBE37101F0004567
:1018A00007D54FF0000EDCF1000C7EEB00006EEB74
:1018B0000101B1F5801F1BD3B1F5001F0CD34908FE
:1018C0005FEA30004FEA3C0C04F101044FEA445255
:1018D00012F5800F80F09A80BCF1004F08BF5FEADC
:1018E000500C50F1000041EB045141EA050130BDBC
:1018F0005FEA4C0C404141EB010111F4801FA4F15F
:101900000104E9D191F0000F04BF01460020B1FAB3
:1019100081F308BF2033A3F10B03B3F120020CDAEB
:101920000C3208DD02F1140CC2F10C0201FA0CF0C9
:1019300021FA02F10CE002F11402D8BFC2F1200C2E
:1019400001FA02F120FA0CFCDCBF41EA0C019040E4
:10195000E41AA2BF01EB0451294330BD6FEA04042D
:101960001F3C1CDA0C340EDC04F11404C4F1200218
:1019700020FA04F001FA02F340EA030021FA04F32A
:1019800045EA030130BDC4F10C04C4F1200220FA81
:1019900002F001FA04F340EA0300294630BD21FABF
:1019A00004F0294630BD94F0000F83F4801306BF85
:1019B00081F480110134013D4EE77FEA645C18BF79
:1019C0007FEA655C29D094EA050F08BF90EA020F10
:1019D00005D054EA000C04BF1946104630BD91EA08
:1019E000030F1EBF0021002030BD5FEA545C05D10B
:1019F0004000494128BF41F0004130BD14F580044A
:101A00003CBF01F5801130BD01F0004545F0FE41BD
:101A100041F470014FF0000030BD7FEA645C1ABFF2
:101A2000194610467FEA655C1CBF0B46024650EA29
:101A3000013406BF52EA033591EA030F41F4002155
:101A400030BD00BF90F0000F04BF0021704730B5DB
:101A50004FF4806404F132044FF000054FF00001B0
:101A600050E700BF90F0000F04BF0021704730B571
:101A70004FF4806404F1320410F0004548BF404246
:101A80004FF000013EE700BF42004FEAE2014FEA9B
:101A900031014FEA02701FBF12F07F4393F07F4F76
:101AA00081F06051704732F07F4208BF704793F079
:101AB0007F4F04BF41F40021704730B54FF460748C
:101AC00001F0004521F000411CE700BF50EA01028F
:101AD00008BF704730B54FF000050AE050EA010238
:101AE00008BF704730B511F0004502D5404261EBA8
:101AF00041014FF4806404F132045FEA915C3FF4E9
:101B0000D8AE4FF003025FEADC0C18BF03325FEA85
:101B1000DC0C18BF033202EBDC02C2F1200300FA36
:101B200003FC20FA02F001FA03FE40EA0E0021FA5B
:101B300002F11444BDE600BF70B54FF0FF0C4CF449
:101B4000E06C1CEA11541DBF1CEA135594EA0C0FFB
:101B500095EA0C0F00F0DEF82C4481EA030621EA36
:101B60004C5123EA4C5350EA013518BF52EA033571
:101B700041F4801143F4801338D0A0FB02CE4FF023
:101B80000005E1FB02E506F00042E0FB03E54FF053
:101B90000006E1FB03569CF0000F18BF4EF0010E4B
:101BA000A4F1FF04B6F5007F64F5407404D25FEA47
:101BB0004E0E6D4146EB060642EAC62141EA5551FA
:101BC0004FEAC52040EA5E504FEACE2EB4F1FD0C3C
:101BD00088BFBCF5E06F1ED8BEF1004F08BF5FEABA
:101BE000500E50F1000041EB045170BD06F000466C
:101BF00046EA010140EA020081EA0301B4EB5C0419
:101C0000C2BFD4EB0C0541EA045170BD41F4801110
:101C10004FF0000E013C00F3AB8014F1360FDEBF35
:101C2000002001F0004170BDC4F10004203C35DA11
:101C30000C341BDC04F11404C4F1200500FA05F394
:101C400020FA04F001FA05F240EA020001F0004235
:101C500021F0004110EBD37021FA04F642EB0601AB
:101C60005EEA430E08BF20EAD37070BDC4F10C04D5
:101C7000C4F1200500FA04F320FA05F001FA04F299
:101C800040EA020001F0004110EBD37041F1000185
:101C90005EEA430E08BF20EAD37070BDC4F1200590
:101CA00000FA05F24EEA020E20FA04F301FA05F2F8
:101CB00043EA020321FA04F001F0004121FA04F2A0
:101CC00020EA020000EBD3705EEA430E08BF20EA70
:101CD000D37070BD94F0000F0FD101F000464000AA
:101CE00041EB010111F4801F08BF013CF7D041EA2C
:101CF000060195F0000F18BF704703F00046520030
:101D000043EB030313F4801F08BF013DF7D043EA00
:101D10000603704794EA0C0F0CEA135518BF95EAB6
:101D20000C0F0CD050EA410618BF52EA4306D1D13D
:101D300081EA030101F000414FF0000070BD50EA5C
:101D4000410606BF1046194652EA430619D094EAE6
:101D50000C0F02D150EA013613D195EA0C0F05D1D0
:101D600052EA03361CBF104619460AD181EA030124
:101D700001F0004141F0FE4141F470014FF00000DC
:101D800070BD41F0FE4141F4780170BD70B54FF077
:101D9000FF0C4CF4E06C1CEA11541DBF1CEA1355F7
:101DA00094EA0C0F95EA0C0F00F0A7F8A4EB0504D9
:101DB00081EA030E52EA03354FEA013100F08880D0
:101DC0004FEA03334FF0805545EA131343EA126399
:101DD0004FEA022245EA111545EA10654FEA00264E
:101DE0000EF000419D4208BF964244F1FD0404F507
:101DF000407402D25B084FEA3202B61A65EB030563
:101E00005B084FEA32024FF480104FF4002CB6EB1F
:101E1000020E75EB030E22BFB61A754640EA0C009F
:101E20005B084FEA3202B6EB020E75EB030E22BFDF
:101E3000B61A754640EA5C005B084FEA3202B6EB20
:101E4000020E75EB030E22BFB61A754640EA9C00DF
:101E50005B084FEA3202B6EB020E75EB030E22BFAF
:101E6000B61A754640EADC0055EA060E18D04FEA6D
:101E7000051545EA16754FEA06164FEAC30343EA0D
:101E800052734FEAC2025FEA1C1CC0D111F4801FDA
:101E90000BD141EA00014FF000004FF0004CB6E7D3
:101EA00011F4801F04BF01430020B4F1FD0C88BF72
:101EB000BCF5E06F3FF6AFAEB5EB030C04BFB6EB7D
:101EC000020C5FEA500C50F1000041EB045170BD70
:101ED0000EF0004E4EEA113114EB5C04C2BFD4EB9D
:101EE0000C0541EA045170BD41F480114FF0000E21
:101EF000013C90E645EA060E8DE60CEA135594EA9D
:101F00000C0F08BF95EA0C0F3FF43BAF94EA0C0F9F
:101F10000AD150EA01347FF434AF95EA0C0F7FF414
:101F200025AF104619462CE795EA0C0F06D152EA68
:101F300003353FF4FDAE1046194622E750EA41064C
:101F400018BF52EA43067FF4C5AE50EA41047FF45D
:101F50000DAF52EA43057FF4EBAE12E74FEA4102C0
:101F6000B2F1E04324BFB3F5001CDCF1FE5C0DD9F7
:101F700001F0004C4FEAC0024CEA5070B2F1004F41
:101F800040EB830008BF20F00100704711F0804F44
:101F900021D113F13872BCBF01F00040704741F409
:101FA00080114FEA5252C2F11802C2F1200C10FA0D
:101FB0000CF320FA02F018BF40F001004FEAC123F1
:101FC0004FEAD32303FA0CFC40EA0C0023FA02F395
:101FD0004FEA4303CCE77FEA625307D150EA01336B
:101FE0001EBF4FF0FE4040F44000704701F000403B
:101FF00040F0FE4040F40000704700BF80F0004019
:1020000002E000BF81F0004142001FBF5FEA4103D0
:1020100092EA030F7FEA226C7FEA236C6AD04FEAD0
:102020001262D2EB1363C1BFD21841404840414015
:10203000B8BF5B42192B88BF704710F0004F40F4C7
:10204000000020F07F4018BF404211F0004F41F4E3
:10205000000121F07F4118BF494292EA030F3FD0AF
:10206000A2F1010241FA03FC10EB0C00C3F12003C2
:1020700001FA03F100F0004302D5494260EB400051
:10208000B0F5000F13D3B0F1807F06D340084FEABC
:10209000310102F10102FE2A51D2B1F1004F40EBB1
:1020A000C25008BF20F0010040EA03007047490019
:1020B00040EB000010F4000FA2F10102EDD1B0FAE4
:1020C00080FCACF1080CB2EB0C0200FA0CF0AABFD9
:1020D00000EBC25052421843BCBFD0401843704777
:1020E00092F0000F81F4000106BF80F4000001327D
:1020F000013BB5E74FEA41037FEA226C18BF7FEA54
:10210000236C21D092EA030F04D092F0000F08BF95
:102110000846704790EA010F1CBF0020704712F07C
:102120007F4F04D1400028BF40F00040704712F1BB
:1021300000723CBF00F50000704700F0004343F020
:10214000FE4040F4000070477FEA226216BF084656
:102150007FEA23630146420206BF5FEA412390EA19
:10216000010F40F4800070474FF0000304E000BF0F
:1021700010F0004348BF40425FEA000C08BF7047C0
:1021800043F0964301464FF000001CE050EA010284
:1021900008BF70474FF000030AE000BF50EA010299
:1021A00008BF704711F0004302D5404261EB410186
:1021B0005FEA010C02BF84460146002043F0B643AB
:1021C00008BFA3F18053A3F50003BCFA8CF2083AD0
:1021D000A3EBC25310DB01FA02FC634400FA02FCD9
:1021E000C2F12002BCF1004F20FA02F243EB0200E0
:1021F00008BF20F00100704702F1200201FA02FC42
:10220000C2F1200250EA4C0021FA02F243EB020034
:1022100008BF20EADC7070474FF0FF0C1CEAD05278
:102220001EBF1CEAD15392EA0C0F93EA0C0F6FD039
:102230001A4480EA010C400218BF5FEA41211ED017
:102240004FF0006343EA501043EA5111A0FB013103
:102250000CF00040B1F5000F3EBF490041EAD371D8
:102260005B0040EA010062F17F02FD2A1DD8B3F154
:10227000004F40EBC25008BF20F00100704790F0C3
:10228000000F0CF0004C08BF49024CEA502040EA15
:1022900051207F3AC2BFD2F1FF0340EAC2507047DB
:1022A00040F400004FF00003013A5DDC12F1190F19
:1022B000DCBF00F000407047C2F10002410021FA8B
:1022C00002F1C2F1200200FA02FC5FEA310040F1A3
:1022D000000053EA4C0308BF20EADC70704792F01C
:1022E000000F00F0004C02BF400010F4000F013A54
:1022F000F9D040EA0C0093F0000F01F0004C02BF4F
:10230000490011F4000F013BF9D041EA0C018FE7BD
:102310000CEAD15392EA0C0F18BF93EA0C0F0AD0C3
:1023200030F0004C18BF31F0004CD8D180EA0100E9
:1023300000F00040704790F0000F17BF90F0004F82
:10234000084691F0000F91F0004F14D092EA0C0F64
:1023500001D142020FD193EA0C0F03D14B0218BFF7
:10236000084608D180EA010000F0004040F0FE403D
:1023700040F40000704740F0FE4040F440007047D9
:102380004FF0FF0C1CEAD0521EBF1CEAD15392EA58
:102390000C0F93EA0C0F69D0A2EB030280EA010C48
:1023A00049024FEA402037D04FF0805343EA1111E1
:1023B00043EA10130CF000408B4238BF5B0042F13F
:1023C0007D024FF4000C8B4224BF5B1A40EA0C00E4
:1023D000B3EB510F24BFA3EB510340EA5C00B3EB16
:1023E000910F24BFA3EB910340EA9C00B3EBD10F04
:1023F00024BFA3EBD10340EADC001B0118BF5FEA56
:102400001C1CE0D1FD2A3FF650AF8B4240EBC2507E
:1024100008BF20F0010070470CF0004C4CEA50203F
:102420007F32C2BFD2F1FF0340EAC250704740F48E
:1024300000004FF00003013A37E792F0000F00F080
:10244000004C02BF400010F4000F013AF9D040EAFE
:102450000C0093F0000F01F0004C02BF490011F492
:10246000000F013BF9D041EA0C0195E70CEAD1538A
:1024700092EA0C0F08D142027FF47DAF93EA0C0F71
:102480007FF470AF084676E793EA0C0F04D14B0255
:102490003FF44CAF08466EE730F0004C18BF31F007
:1024A000004CCAD130F000427FF45CAF31F0004301
:1024B0007FF43CAF5FE700BF4FF0FF3C06E000BF9A
:1024C0004FF0010C02E000BF4FF0010C4DF804CDBD
:1024D0004FEA40024FEA41037FEA226C18BF7FEACD
:1024E000236C11D001B052EA530C18BF90EA010FCF
:1024F00058BFB2EB030088BFC81738BF6FEAE1705E
:1025000018BF40F0010070477FEA226C02D15FEAF9
:10251000402C05D17FEA236CE4D15FEA412CE1D065
:102520005DF8040B704700BF844608466146FFE72C
:102530000FB5FFF7C9FF002848BF10F1000F0FBD0E
:102540004DF808EDFFF7F4FF0CBF012000205DF807
:1025500008FB00BF4DF808EDFFF7EAFF34BF01208C
:1025600000205DF808FB00BF4DF808EDFFF7E0FF25
:1025700094BF012000205DF808FB00BF4DF808ED76
:10258000FFF7D2FF94BF012000205DF808FB00BFD9
:102590004DF808EDFFF7C8FF34BF012000205DF8BB
:1025A00008FB00BF4FEA40024FEA41037FEA226C7A
:1025B00002D15FEA402C08D17FEA236C02D15FEAA6
:1025C000412C02D14FF0000070474FF001007047DE
:1025D0004FEA4002B2F1FE4F0FD34FF09E03B3EB30
:1025E00012620DD94FEA002343F0004310F0004F70
:1025F00023FA02F018BF404270474FF000007047C6
:1026000012F1610F01D1420205D110F0004008BF64
:102610006FF0004070474FF000007047014B1868A2
:10262000704700BF2C00002070B50D4E0D4D761B7D
:10263000B61006D00024013455F8043B9847A64252
:10264000F9D1094E094D761B09F026FBB61006D0CC
:102650000024013455F8043B9847A642F9D170BDD7
:10266000B0BC0008B0BC0008B4BC0008B0BC000896
:10267000844641EA000313F003036DD1403A41D38D
:1026800051F8043B40F8043B51F8043B40F8043B4C
:1026900051F8043B40F8043B51F8043B40F8043B3C
:1026A00051F8043B40F8043B51F8043B40F8043B2C
:1026B00051F8043B40F8043B51F8043B40F8043B1C
:1026C00051F8043B40F8043B51F8043B40F8043B0C
:1026D00051F8043B40F8043B51F8043B40F8043BFC
:1026E00051F8043B40F8043B51F8043B40F8043BEC
:1026F00051F8043B40F8043B51F8043B40F8043BDC
:10270000403ABDD2303211D351F8043B40F8043B7B
:1027100051F8043B40F8043B51F8043B40F8043BBB
:1027200051F8043B40F8043B103AEDD20C3205D38B
:1027300051F8043B40F8043B043AF9D2043208D083
:10274000D2071CBF11F8013B00F8013B01D30B88F5
:1027500003806046704700BF082A13D38B078DD0D3
:1027600010F003038AD0C3F10403D21ADB071CBFA5
:1027700011F8013B00F8013B80D331F8023B20F80F
:10278000023B7BE7043AD9D3013A11F8013B00F848
:10279000013BF9D20B7803704B7843708B788370D0
:1027A00060467047F0B4860743D0541E002A3ED0DE
:1027B000CAB2034602E014F1FF3438D303F8012B08
:1027C0009D07F8D1032C2BD9CDB245EA05250F2C56
:1027D00045EA054516D9A4F110073F0903F1200683
:1027E00006EB071603F1100242E9045542E90255CF
:1027F0001032B242F8D104F00F040137032C03EB7E
:1028000007130DD91E462246043A032A46F8045BF4
:10281000FAD8221F22F003020432134404F0030406
:102820002CB1C9B21C4403F8011B9C42FBD1F0BC83
:10283000704714460346C5E70EB470B59DB021AC91
:102840004FF4017254F8045BADF814200290069026
:1028500000F096F80C4B019401462A46039107912B
:102860000A4E18680B9623464FF6FF75002402A9FE
:102870000F941494ADF8165000F0E8FB1DB0BDE8BD
:10288000704003B0704700BF2C00002009290008E9
:102890000CB470B59CB020AC05464FF401730846EB
:1028A00054F8046B02910691ADF8143000F068F80A
:1028B000014632462346019403910024079128469D
:1028C000074E0B964FF6FF7502A90F941494ADF8BE
:1028D000165000F0BBFB1CB0BDE8704002B0704762
:1028E0000929000810B50C46B1F90E1001F0A6F840
:1028F000002803DB636D0344636510BDA38923F4E3
:102900008053A38110BD00BF002070472DE9F04126
:102910001646B1F90C201F46D3050C460546B1F901
:102920000E1007D50022022300F008F9B4F90C209C
:10293000B4F90E1022F48052A2813B46324628465A
:10294000BDE8F04100F0D2B810B50C46B1F90E1058
:1029500000F0F4F8A389421C0EBF23F4805343F423
:1029600080536065A38110BDB1F90E1000F0D4B89A
:102970000000000000000000000000000000000057
:1029800090F800F06DE9024520F007016FF0000CAF
:1029900010F0070491F820F040F049804FF0000457
:1029A0006FF00700D1E9002391F840F000F1080032
:1029B00082FA4CF2A4FA8CF283FA4CF3A2FA8CF36A
:1029C0004BBBD1E9022382FA4CF200F10800A4FAD1
:1029D0008CF283FA4CF3A2FA8CF3E3B9D1E9042325
:1029E00082FA4CF200F10800A4FA8CF283FA4CF35C
:1029F000A2FA8CF37BB9D1E9062301F1200182FA16
:102A00004CF200F10800A4FA8CF283FA4CF3A2FA1B
:102A10008CF3002BC6D0002A04BF04301A4612BA29
:102A2000B2FA82F2FDE8024500EBD2007047D1E92C
:102A3000002304F00305C4F100004FEAC50514F0BB
:102A4000040F91F840F00CFA05F562EA05021CBF8C
:102A500063EA050362464FF00004A9E770B5141E4F
:102A60009AB005462CDB1A464FF40273009104918C
:102A7000ADF80C3013D0013C4FF6FF761E9B02944C
:102A800069460594ADF80E6000F048F9421C01DA81
:102A90008B232B60009B00221A701AB070BD1E9B06
:102AA00002944FF6FF7669460594ADF80E6000F08B
:102AB00035F9431C01DB1AB070BD8B232B60FAE79C
:102AC0008B2303604FF0FF30F5E700BF10B582B0F5
:102AD000054C0093246813460A4601462046FFF73A
:102AE000BDFF02B010BD00BF2C00002070B50D4628
:102AF000084C114606461A4628460023236002F079
:102B00005FF8431C00D070BD2368002BFBD03360FE
:102B100070BD00BF5C0A002038B5074C0023054695
:102B20000846236002F026F8431C00D038BD236815
:102B3000002BFBD02B6038BD5C0A002070B50D4621
:102B4000084C114606461A4628460023236002F028
:102B500019F8431C00D070BD2368002BFBD03360F4
:102B600070BD00BF5C0A00202DE9F0478E681D464D
:102B7000AE420C460B68174627D88046888910F469
:102B8000906F31D0D1E9041606EB4606A3EB01099C
:102B900006EBD6766B1C76104B44B342324684BFAC
:102BA0001E463246430521D51146404601F0A8FD98
:102BB000824678B34A462169FFF75AFDA38923F478
:102BC000906343F08003A38115E02E4618462A4601
:102BD000394601F0DDFCA2682368961B2B44A660F1
:102BE00023600020BDE8F0873546EFE7404601F05E
:102BF000EBFD824650B1A6EB09020AEB09036661C0
:102C0000C4F810A02360A2602E46DFE72169404689
:102C100001F022FD0C23C8F80030A38943F04003E3
:102C2000A3814FF0FF30DDE72DE9F04F936883B0CB
:102C30009046002B6CD017688D6882460C46086859
:102C4000083742E0A38913F4906F2DD0D4E904151E
:102C500005EB4505A0EB010B05EBD575701C6D1060
:102C60005844A8422A4684BF05462A465B0536D505
:102C70001146504601F044FD00283AD05A462169D9
:102C80000190FFF7F5FCA289019B22F4906242F0CB
:102C90008002A281A5EB0B0203EB0B0065612361AF
:102CA0002060A2603546B3465A46494601F070FCA2
:102CB000D8F80830A2682068551B58449E1BA560B0
:102CC0002060C8F808601EB3083757E90296AB4683
:102CD000002EF9D0AE42B5D23546B346E4E75046B1
:102CE00001F072FD03460028D4D12169504601F05D
:102CF000B3FC0C23CAF80030A389002243F0400340
:102D00004FF0FF30A381C8E9012203B0BDE8F08F86
:102D10000020C8F8040003B0BDE8F08F2DE9F04FA3
:102D200014468A899DB015068946CDE9020303D56C
:102D30000B69002B00F0128130238DF82A302378A4
:102D40008F4E0021202209918DF829200127002B88
:102D500000F09280252B254603D118E0252B00F0AA
:102D6000C38015F8013F002BF8D1B5EB040B00F040
:102D7000838022465B4649460298FFF7F5FE013004
:102D80007AD0099B2A785B440993002A74D00023E7
:102D90004FF0FF3201350493CDE906338DF85330FF
:102DA0001A93059205E0049A07FA03F31343554674
:102DB0000493AA4605221AF8011B304601F098FB3D
:102DC000D346831B0028EED1049BD90644BF2022A2
:102DD0008DF8532029781A0744BF2B228DF85320F1
:102DE0002A2953D0A1F13003092B00F2B180079AB0
:102DF00002E055460AF1010A9AF8001002EB82023D
:102E000003EB4202A1F13003092BD346F1D905F1BE
:102E1000020A07922E2945D05A4C0322204601F07F
:102E200067FB00285DD0001B049A402404FA00F0E0
:102E3000024304920AF101049AF8001052488DF8F6
:102E40002810062201F054FB00285FD04F4B002BC6
:102E50004FD003AB00934A464D4B029804A9AFF301
:102E600000808046B8F1FF3F06D0099B4344099398
:102E70002378002B7FF46EAFB9F80C305B0654BF9B
:102E800009984FF0FF301DB0BDE8F08F039A11682C
:102E900004320029039233DB079169782E2905F16A
:102EA000020AB9D19BF801102A2939D1039B354C6C
:102EB0001A680592002AB8BF4FF0FF320BF10200EA
:102EC000AEBF9BF802109BF80210059204330BF181
:102ED000030A032283462046039301F009FB0028DE
:102EE000A1D15446DA46A7E7B5EB040B3FF44FAF48
:102EF0003FE7039B073323F0070308330393B4E74B
:102F0000494243F0020307910493C6E703AB0093E1
:102F10004A461F4B029804A900F0DAFA8046A1E75E
:102F2000A1F1300000220928059201D912E0DA4609
:102F30009AF8011002EB820200EB4202A1F130008C
:102F400009280AF1010BF2D90AF1020A059263E796
:102F5000AB465FE7D3460AF1010A5DE7402101F085
:102F6000CFFBC9F80000C9F8100018B14023C9F818
:102F70001430E1E6029A0C2313604FF0FF3082E731
:102F80002CBC000834BC000838BC0008000000005D
:102F9000692B00084B1C70B51AD09389546B566886
:102FA00023F02003CDB29381ACB1936BB3421446AE
:102FB00009DD23685A1E226003F8015C636801334F
:102FC0006360284670BD114600F02EFF0028F0D047
:102FD0004FF0FF35F5E7136911682BB18B4203D22F
:102FE00011F8013CAB420ED0134602F14404032019
:102FF000D163C2E90D40166403F8465F0121C2E9BE
:103000000031284670BD01390136C2E90016D8E703
:1030100010B50C46496B69B104F14403994201D0E3
:1030200001F01AFB236C63600020606313B1E36B53
:10303000236010BDA3892269226043F0200300228F
:10304000A38162604FF0FF3010BD00BF2DE9F04F4B
:10305000ADF5257D964F974D0193A297002303AFC1
:10306000DFF85482A39506460C4693464693479351
:1030700048974FF0030A9BF80030DBB15D4601F042
:10308000F5F915F8019B4844427812F0080216D170
:10309000B9F1250F2ED06268002A06DCA39A2146DA
:1030A00030469047002840F0F98022681178494561
:1030B00000F0C88046980DF5257DBDE8F08F626868
:1030C00006E04799626823600131013A47916260E6
:1030D000002A2146304602DCA39B984740B901F004
:1030E000C5F923681A781044013342781107E8D4EF
:1030F000AB46C0E7459243929BF801102A2900F0A5
:10310000AB80A1F13002092A0CD8002202EB820226
:1031100001EB4202303A459215F8011FA1F130004F
:103120000928F3D90322644801F0E2F9691C002858
:1031300000F09980439BA0EB0800012282401A43D3
:1031400005F1020B43920A78782A00F21E81DFE82B
:1031500012F0B5001C011C011C011C011C011C010A
:103160001C011C011C011C011C011C011C011C0177
:103170001C011C011C011C011C011C011C011C0167
:103180001C011C011C011C011C011C011C011C0157
:103190001C011C011C011C011C011C01B8001C01AC
:1031A0001C011C011C011C011C011C011C011C0137
:1031B0001C011C011C011C011C011C011C011C0127
:1031C0001C011C011C011C011C011C011C011C0117
:1031D0001C011C011C011C011C011C01F200F2005D
:1031E000F2001C011C011C011C011C011C011C0122
:1031F0001C011C011C011C011C011C011C011C01E7
:103200001C01F5001C011C0100011C011C011C011A
:103210001C011C011C011C010C011901F200F2002F
:10322000F2001C01E0001C011C011C011C01E40057
:10323000BA0013011C011C0117011C0119011C011A
:103240001C01F5006168479B01320139013322609E
:10325000AB46616047930EE7102243929BF8021041
:103260000BF102054DE78B4629466CE701352560D9
:1032700001F0FCF825682B78034421465B781B0796
:10328000304630D56368479A013B0132002B4792A4
:103290006360EBDCA39B98470028E9D0469868B1AF
:1032A000A38913F0400F18BF4FF0FF3003E700BFB2
:1032B000952F00081130000834BC00084FF0FF3093
:1032C000F9E65D46E7E608234493042349936368DF
:1032D000002B05DCA39B2146304698470028DDD112
:1032E000439B5A06C4D5499B022B53DD042B58DD62
:1032F0002F4B002B3FF4BFAE01AB224643A9304613
:10330000AFF3008001283FF4D5AE02287FF4B3AEBE
:10331000C4E7002344930323D8E7439BDA063FF531
:10332000AAAE019A4799101D0190DD0713684CBFA2
:10333000198019609FE605234993C8E7439B43F42E
:1033400000731021439344916E2A8CBF04230323FE
:10335000BCE75946384600F087FB439B012243F007
:103360004003834643934992B1E7439B002243F0D5
:10337000400343934992AAE7439B43F02003DEE7CF
:103380000223A3E70A234493DEE70A23CDF824A10E
:1033900044939CE701AB224643A9304600F0DAF99A
:1033A000B0E701AB224643A9304600F035FAA9E761
:1033B000000000002DE9F0470C4691460A69896833
:1033C000DDF820808A42B8BF0A46C9F8002094F888
:1033D000431006461F4611B10132C9F80020236888
:1033E00099065FD5D9F800200232C9F80020236879
:1033F00013F0060F19461DD1E1688A1A002AD8BFBA
:10340000194617DD04F1190A002505E0E368D9F82B
:1034100000209B1AAB420CDD012352463946304650
:10342000C047013005F10105F0D14FF0FF30BDE894
:10343000F087216894F84330003318BF01238A06CF
:103440000AD5E1185A1C302081F84300224494F830
:10345000451082F84310023304F1430239463046E6
:10346000C0470130E1D02368D9F80050216903F04A
:103470000603042BD4E902201AD08A421FDD4FF044
:103480000009521A91441A34002501E04D4516D026
:103490000123224639463046C047013005F1010577
:1034A000F4D1C2E713F0060F0CD1D9F80020A3E73E
:1034B000401B8A4220EAE079E3DC0028E3DC0020BC
:1034C000BDE8F08794F84330003318BF0123C3E709
:1034D0002DE9F0430C46097E85B06E2906460C9D09
:1034E0001746984604F1430C4AD00FD8632900F0E0
:1034F000FF8000F2BF8000294ED0582940F0E180C3
:1035000084F845102268DFF844E212E0732900F0E5
:10351000C6807AD86F2900F0DB80702940F0D18016
:10352000206840F0200222607823DFF824E284F84B
:1035300045302B68191D1B682960150602D45006FA
:1035400048BF9BB2D10744BF42F020022260002B4B
:103550006DD1D4E9001284F84330002A21F0200311
:103560002360A2607EDB21F0240121601021002A6B
:1035700079D1654608294ED0ACEB050323610EE0F6
:103580002B6822686169181D286015061B6802D423
:10359000500600F1C7801960002365462361CDF80D
:1035A00000803B4603AA21463046FFF703FF013067
:1035B00020D02A46236939463046C047013019D009
:1035C00022680398E368920719D51A1A002A16DDB3
:1035D00004F11909002504E0E36803981A1AAA42C5
:1035E0000DDD01234A4639463046C047013005F11A
:1035F0000105F1D14FF0FF3005B0BDE8F0839842EE
:10360000B8BF184605B0BDE8F083752960D07829A9
:1036100057D1226888E72368DB07ADD56268236944
:103620009A42A9DC302305F8013C013DA4E71021B2
:10363000002284F843206268A260002A2CDB206804
:1036400020F004002060002B91D06546B3FBF1F21E
:1036500001FB123013461EF8002005F8012D002B47
:10366000F4D187E710219EF8003084F8423004F14D
:1036700042057FE7642901D0692922D120682B689F
:10368000010603F1040245D51B682A60002B4BDBC1
:10369000DFF8B8E00A21CEE7002BD6D1E3E72B68AC
:1036A0006268191D29601D680021284600F020FF6E
:1036B000002848D0401B60602061002384F843301C
:1036C0006DE7012384F84210236104F14205F4E719
:1036D00020682B6810F0800F03F1040213D01B68E0
:1036E0002A606F290CBF08210A21DFF860E09FE7FC
:1036F0002B681A68191D0123296084F84220236170
:1037000004F14205D9E7400653BF1B682A601B88B5
:103710002A60E6E7410653BF1B682A60B3F9003010
:103720002A60B3E7198037E76268A2602D21002A7A
:1037300084F84310C3F10003DFF810E04FF00A01F2
:10374000BFF67EAF81E76068B6E700BF40BC000807
:1037500054BC00082DE9F041804688680C461546A7
:10376000896928B900290CBF01224FF0FF32A260FD
:103770002268D00603D41A68101D18601768002646
:1037800041B3012928D002293DD100F06FFE2B68FA
:103790001A7810444278120735D42268D10606F10F
:1037A000010603D41B783B702B6801376968A26857
:1037B00001330139013AC5E90031A2609AB100290B
:1037C00005DCD4F8803129464046984758B9A169AC
:1037D0000029D6D12B68E0E72B6861691A788A5CEA
:1037E000002ADAD1A6B1236813F0100305D1E268EC
:1037F000A1690132E26001B13B7023691E44266178
:103800000020BDE8F081002EEDD1A369012BEAD1A3
:103810000120BDE8F08100BF2DE9F04F0C4687B0D4
:10382000824EDFF81082DFF810E20093074615465B
:10383000A36996E80700A668032B08BFF04606F1C7
:10384000FF3CCDF80480BCF5AE7F0DF10C0888E894
:1038500007007CD940F25D136FF4AE7006EB0009EF
:10386000A360236804F11C0B43F4506323605E469D
:103870004FF0000A2B6858F82A001978022200F04D
:1038800037FEF8B1BAF1010F00F0B780BAF1020FBC
:1038900000F0BE80A3685A1EA2609BB12B685A1C20
:1038A0002A601B7833706B68013B002B06F1010620
:1038B0006B6007DCD4F880312946384698470028E9
:1038C00040F096800AF1010ABAF1030FD2D1616883
:1038D00000293FD0C1F11001554B6069194400F037
:1038E000C3F8A368002B00F0838028686169027820
:1038F000895C00297FD04FF0000817E02260037830
:10390000337001366B68013B002B294638466B60EB
:1039100024DCD4F88031984740BBA368013BA36006
:1039200023B3286861690278895CF9B12168302A7B
:1039300021F41062E2D10905E0D5013308F1010854
:10394000B9F1000FDED009F1FF39A360DAE74FF0DB
:10395000000986E70A2363600621BDE72B6801336F
:103960002B60A368013BA360002BDAD12268D1054C
:103970000CD55E4507D916F8011CD4F87C312A46CF
:103980003846013E98475E452ED0226812F010025C
:1039900011D132706368019D38465946A8472368A3
:1039A0009A0612D500990B681A1D0A601B681860E8
:1039B000E3680133E3602369A6EB0B06B04443449C
:1039C0000020236107B0BDE8F08F009D2A68DF0763
:1039D00002F1040103D5296013681880E8E7009B11
:1039E000196013681860E3E7012007B0BDE8F08FA5
:1039F0004FF00008BAE78846B8E7D4E900321AB9B0
:103A00000822626043F4007323F4A063236041E75B
:103A1000236803F4C062B2F5007F7FF458AF43F42B
:103A2000807323601023636034E700BFACBA0008E2
:103A300068BC0008B93D0008FD3B000870B50D46A4
:103A4000084C114606461A4628460023236001F01A
:103A5000A1F8431C00D070BD2368002BFBD033605D
:103A600070BD00BF5C0A002070B40C785E2C064666
:103A70001ED00022481C1546731E06F1FF0103F8F4
:103A8000012F8B42FBD184B185F001033355411CDA
:103A900011F8012C2D2A10D05D2A03D01AB114463A
:103AA0000846F3E7084670BC7047013870BC7047A1
:103AB00001224C781546881CDEE745785D2DEED056
:103AC000AC42ECDC023032190134A54202F8013F6D
:103AD000FADC0231DCE700BF2DE9F84F0E468046E4
:103AE000174699460D4600E025462C460A9814F8DC
:103AF00001BB00F0B7FC5844417811F00801F3D144
:103B0000BBF12D0F57D0BBF12B0F04BF95F801B0BF
:103B1000AC1CB9F1000F04D0B9F1100F50D0CC4655
:103B200005E0BBF1300F55D04FF00A09CC46002913
:103B30000CBF6FF0004E4FF0004E0025BEFBFCF3B3
:103B400028460CFB13EA05E029D00CFB00200125D8
:103B500014F801BBABF13002092A05D9ABF14102DF
:103B6000192A0BD8ABF1370291450FDDB5F1FF3FB4
:103B7000EED08342E8D24FF0FF35E9E7ABF16102C6
:103B8000192A03D8ABF157029145EFDC6B1C0BD01F
:103B900001B140420FB14DBB3E60BDE8F88F924588
:103BA000D3DA4FF0FF35D3E72223C8F80030FFB156
:103BB000661E7046F0E7AC1C95F801B00121A8E73D
:103BC000BBF1300FABD1237803F0DF03582B06D0C5
:103BD000CC46ACE7237803F0DF03582B0AD14FF033
:103BE000100C94F801B0E1460234A0E78646DFE706
:103BF0007046D2E74FF00809CC4698E730B5064C3E
:103C0000064D2468246A83B0002C08BF2C4600941B
:103C1000FFF762FF03B030BD2C00002090000020B1
:103C200010B582B0054C0093246813460A4601463D
:103C30002046FFF751FF02B010BD00BF2C0000204E
:103C400030B5084C084B25682C6A83B0002C08BF9F
:103C50001C46009413460A4601462846FFF73CFFDF
:103C600003B030BD2C000020900000202DE9F0476B
:103C70000D460746164698468A4600E0A246544638
:103C8000089814F8019B00F0EDFB4844407810F0D0
:103C90000800F3D1B9F12D0F5CD0B9F12B0F0ABF99
:103CA0009AF8011049460AF10204B8F1000F0CD04D
:103CB000B8F1100F54D04FF0FF3EBEFBF8FE08FBEA
:103CC0000EFA6FEA0A0AC14608E0302950D04FF0D8
:103CD0000A08DFF8E0E0C1464FF0050A00239C46E1
:103CE00007E0F44513D828D009FB0C2C012314F865
:103CF000011BA1F13002092A05D9A1F14102192ABB
:103D000008D8A1F1370290450CDD002BE9DA4FF01D
:103D1000FF33ECE7A1F16102192A03D8A1F15702A0
:103D20009045F2DC002B0DDB08B1CCF1000C0EB19C
:103D300073B935606046BDE8F0875245D4DD4FF079
:103D4000FF33D4E722233B604FF0FF3C002EF1D03D
:103D5000651EEEE70AF102049AF801100120A4E7BB
:103D6000302912D04FF00F0A6FF0704EC146B5E700
:103D7000237803F0DF03582B0CD04FF00808C1461E
:103D80004FF0070A6FF0604EA8E7237803F0DF03D7
:103D9000582B09D14FF010096178C8464FF00F0A2F
:103DA00002346FF0704E99E7C1466FF0704E4FF0DD
:103DB0000F0A93E79999991930B5064C064D246876
:103DC000246A83B0002C08BF2C460094FFF74EFFF6
:103DD00003B030BD2C0000209000002010B582B050
:103DE000054C0093246813460A4601462046FFF717
:103DF0003DFF02B010BD00BF2C00002030B5084CC4
:103E0000084B25682C6A83B0002C08BF1C46009420
:103E100013460A4601462846FFF728FF03B030BD87
:103E20002C0000209000002001F144032DE9F04116
:103E30000C46496B994214D0A66B77003A4600F0C5
:103E4000C3FC054640B300EB06083246404629460F
:103E5000FEF70EFCC4E90D57C4F800800020BDE851
:103E6000F0814FF4806100F04BFCA8B194F846302B
:103E70004FF48062C4E90D0280F8FF3394F84530B6
:103E800080F8FE3394F8443080F8FD3300F2FD30C2
:103E900020600020BDE8F0814FF0FF30DFE700BF79
:103EA00070B54C1C56D00E461446054608B18369C1
:103EB0004BB3334B9C422BD0324B9C422AD0324BDB
:103EC0009C4208BFEC68B4F90C3023F020039AB28E
:103ED0005007A38106D4D1063CD512073DD443F048
:103EE0000403A381626B6368F6B2AAB1A26B9A4223
:103EF0002ADD23685A1E226003F8016C63680133CF
:103F00006360304670BD00F00FFA1D4B9C42D3D168
:103F10006C68D8E7AC68D6E7226921682AB18A4282
:103F200003D211F8012CB24224D0224604F14400FD
:103F300023640323C4E90D03E16302F8466F012300
:103F4000C4E90023304670BD28462146FFF76CFFC8
:103F50000028CED04FF0FF36D3E72146284600F0A8
:103F6000B9F80028F6D1B4F90C30A060A06123F0B4
:103F70000803B4E701390133C4E90013C1E700BF06
:103F8000F8BA0008D8BA0008B8BA0008024B0A46C6
:103F900001461868FFF784BF2C0000208B891A07A0
:103FA0002DE9F0410C4680463CD44A68002A54DD95
:103FB000E56A002D4ED00022D8F80060216AC8F8CA
:103FC000002013F480527CD101234046A847431CB3
:103FD00047D0A389E56A216A5F0705D56268636BEC
:103FE000801A0BB1236CC01A024600234046A84732
:103FF000451C42D0A38922692260DB044FF00002F5
:10400000626000D56065616BC8F8006011B304F1AF
:104010004403994202D0404600F01EFB002060633A
:10402000BDE8F0810E69AEB10D680E609A070CBF55
:104030004B690023AD1B8B600AE02B463246A76A12
:10404000216A4046B8470028A5EB0005064428DD54
:10405000002DF2DC0020BDE8F0810A6C002AA7DC0C
:10406000F8E7D8F80030002BB3D01D2B01D0162B69
:1040700029D1C8F800600020EDE7D8F800201D2AFB
:1040800017D8134BB4F90C10D340DB4313F00103E2
:1040900011D12569C904C4E90053B4D5002AB2D1AD
:1040A000B0E7A38943F04003A3814FF0FF30BDE8A0
:1040B000F081B4F90C1041F04001A1814FF0FF30C4
:1040C000C9E7606D88E7A38943F04003A381C2E795
:1040D000010040200B6923B310B5044682B008B13B
:1040E0008369BBB1104B994212D0104B994216D044
:1040F0000F4B994208BFE168B1F90C3013B90020A9
:1041000002B010BD204602B0BDE81040FFF746BF28
:104110006168F1E7019100F007F90199E2E7A16810
:10412000EAE70020704700BFF8BA0008D8BA0008D4
:10413000B8BA000820B1054B01461868FFF7CABF9E
:10414000034B0449186800F035B900BF2C0000206B
:10415000A8BA0008D540000800207047014900F0C7
:1041600029B900BFD54000080020704770B54A1E2D
:10417000682505FB02F50E4605F1740100F0C0FA52
:10418000044640B100210C30666005F168022160F0
:10419000A060FEF707FB204670BD00BF1E4B70B548
:1041A0001D68AB69064643B34835D5E90134013B88
:1041B00005D51EE0013B5A1C04F1680419D0B4F97E
:1041C0000C20002AF6D10025144B6566C4E9005581
:1041D000A560C4E90455A5612946E360082204F1FD
:1041E0005C00FEF7DFFAC4E90D55C4E9125520461C
:1041F00070BD286828B10546D7E7284600F010F8BA
:10420000D2E704213046FFF7B1FF28600028F2D141
:104210000C2304463360EAE7A8BA00080100FFFF58
:104220002DE9F84F334B34491A68816290424FF0C0
:104230000003C0E91233036504BF0123836105460F
:10424000FFF7ACFF68602846FFF7A8FFA860284684
:10425000FFF7A4FF6E68E86000240423F36074662F
:10426000C6E90044B460C6E90444B461214606F1DD
:104270005C000822FEF796FADFF888B0AF68DFF836
:1042800088A0DFF88890DFF888801C4BC6F8308063
:10429000C6E9086BC6E90AA92146FB6008227C66CC
:1042A000C7E90044BC60C7E90444BC6107F15C0095
:1042B000FEF778FAEE68124BC7F83080C7E9087B42
:1042C000C7E90AA92146F3607466C6E90044B460F0
:1042D000C6E90444B46106F15C000822FEF762FA04
:1042E0000123C6E9086BC6E90AA9C6F83080AB61AC
:1042F000BDE8F88FA8BA00085D4100080900010078
:1043000012000200E52800080D29000849290008CC
:1043100069290008024B0349186800F04BB800BF38
:10432000A8BA0008D5400008836903B978E7704748
:10433000704700BF704700BF704700BF704700BFA5
:10434000024B0349186800F00FB800BF2C00002092
:1043500059410008024B0349186800F005B800BF36
:104360002C000020694100082DE9F04110F14807B8
:104370001BD088460026D7E90154013D0FD4A389FC
:10438000012B05F1FF35204605D9B4F90E30013374
:1043900001D0C04706436B1C04F16804EFD13F68AD
:1043A000002FE8D13046BDE8F0813E463046BDE8FA
:1043B000F08100BF2DE9F84310F148071FD088466F
:1043C00006464FF00009D7E90154013D11D4A389F5
:1043D000012B05F1FF352146304606D9B4F90E30E0
:1043E000013302D0C04749EA00096B1C04F168049C
:1043F000EDD13F68002FE6D14846BDE8F883B946C5
:104400004846BDE8F88300BFB2B110B50B4910466D
:10441000144600F019FA08B9094810BD08492046A9
:1044200000F012FA0028F7D02046064900F00CFAF6
:104430000028F1D0002010BD014870478CBC000856
:1044400088BC000850BC0008044B054A1B681B6A66
:10445000002B08BF134693F8280170472C0000205A
:1044600090000020D0F8EC00704700BF044B054AD4
:104470001B681B6A002B08BF1346D3F8EC0070477B
:104480002C00002090000020024B0A4601461868CC
:10449000FFF7BABF2C00002030B4064C064D24684C
:1044A000246A002C08BF2C46D4F8E440A44630BC53
:1044B000604700BF2C0000209000002082B049B16E
:1044C0005AB16BB113780B601278101C18BF012021
:1044D00002B0704701A9002AF3D1104602B070471C
:1044E0006FF00100F4E700BF0000000000000000D2
:1044F00001F0FF01102A2BDB10F0070F08D010F895
:10450000013B013A8B422DD010F0070F42B3F6D198
:10451000F0B441EA012141EA014122F007047FF0B1
:1045200000070023F0E80256083C85EA010586EA08
:10453000010685FA47F5A3FA87F586FA47F6A5FA44
:1045400087F68EB9EED1F0BC01F0FF0102F0070250
:1045500032B110F8013B013A83EA010313B1F8D1FB
:104560000020704701387047002D06BF35460338DC
:10457000073815F0010F07D1013015F4807F02BF15
:10458000013015F4C03F0130F0BC0138704700BF66
:104590008842F0B40DD98B1883420AD9841832B1FD
:1045A000224613F8014D02F8014D9942F9D1F0BCB1
:1045B00070470F2A49D940EA01039B0747D1A2F16E
:1045C00010031B0901F1200707EB031701F1100489
:1045D00000F1100554F8106C45F8106C54F80C6C90
:1045E00045F80C6C54F8086C45F8086C54F8046CE9
:1045F00045F8046C1034BC4205F11005EAD10133D2
:1046000002F00F051B01032D1944034421D91F1F7C
:104610000E462C46043C56F804CB47F804CF032C36
:10462000F8D82C1F24F0030404342344214402F05E
:104630000302002ABBD0013B0A4411F8014B03F8E6
:10464000014F9142F9D1F0BC70470346F1E70346B0
:10465000F1E72A46EDE700BF79B338B551F8043CDD
:104660000C1F002BB8BFE418054600F077FA234B67
:104670001A682AB1A2420DD921686018824230D04E
:10468000626028461C60BDE8384000F069BAA34269
:1046900003D81A465368002BF9D111685018A0426C
:1046A00013D00BD821686018834220D06360546017
:1046B0002846BDE8384000F053BA70470C232B6001
:1046C0002846BDE8384000F04BBA20680144501835
:1046D00083421160ECD1D3E90003014453601160BF
:1046E000E6E7D2E90002014462602160C9E7D3E94C
:1046F00000030144636021605460D9E7B4050020E1
:10470000F8B5CD1C25F0030508350C2D38BF0C2558
:10471000002D06463ADBA94238D82A4F00F01EFA8F
:104720003A6852B113685B1B04D433E023685B1B07
:1047300025D522465468002CF8D1796800293BD051
:104740002946304600F066F8431C2AD0C41C24F0E9
:104750000304A04205D0211A304600F05BF8013076
:104760001FD02560304600F0FBF904F10B0020F06B
:104770000700231DC31A01D05A42E250F8BD0B2B8B
:104780000BD8A24215D063685360EBE70C2333606B
:104790000020F8BD0B2B0BD9144623601C44256068
:1047A000E0E70C233360304600F0DAF90020F8BD72
:1047B00054683C601446D5E7304600F02BF878602A
:1047C000BEE700BFB4050020E1B1F8B51446E2B180
:1047D00006460D4600F0C6F9A04202D32F463846E1
:1047E000F8BD21463046FFF78BFF07460028F6D07C
:1047F00022462946FDF73CFF30462946FFF72CFFAD
:104800003846F8BD1146FFF77BBFFFF725FF274667
:10481000E5E700BF38B5074C00230546084623608E
:1048200000F0C0F9431C00D038BD2368002BFBD03A
:104830002B6038BD5C0A0020000000000000000072
:10484000A2EB0300704700BF02780B78012A28BF53
:104850009A42F5D16DE9044540EA0104CDE90267C9
:104860006FF0000C4FEA447212B380EA010414F0B6
:10487000070F6AD100F0070420F0070004F00305D9
:1048800021F007014FEAC505F0E8042314F0040FF6
:10489000F1E804670CFA05F462EA040266EA040629
:1048A0000AD063EA0403624667EA0407664603E047
:1048B000F0E80423F1E8046782FA4CF582EA060482
:1048C000A4FA8CF46CBB83FA4CF583EA0705A5FACD
:1048D0008CF595B950E9022351E9026782FA4CF54B
:1048E00082EA0604A4FA8CF483FA4CF583EA0705FD
:1048F000A5FA8CF52543DBD09CB92DBAB5FA85F421
:1049000024F0070427FA04F1DDE9026723FA04F32F
:1049100003F0FF0001F0FF01FDE80445A0EB0100FA
:10492000704724BAB4FA84F424F0070426FA04F198
:10493000DDE9026722FA04F202F0FF0001F0FF0154
:10494000FDE80445A0EB0100704714F0030F3CD1D3
:1049500010F0030428D150F8082B51F8083B82FAD4
:104960004CF582EA0305A5FA8CF55DB950F8042CE4
:1049700051F8043C82FA4CF582EA0305A5FA8CF55D
:10498000002DE8D02DBAB5FA85F424F0070423FAF7
:1049900004F122FA04F202F0FF0001F0FF01FDE849
:1049A0000445A0EB010070474FEAC40420F0030067
:1049B00050F8082B21F0030151F8083B0CFA04F4DD
:1049C00062EA040263EA0403C9E710F003041AD0A0
:1049D000A1EB040120F00300E40750F8042B06D0FB
:1049E0000FD28B785FFAA2F4E41A06D12BB1CB7800
:1049F0005FFAB2F4E41A00D11BB920465DF8104BFF
:104A0000704701F1040150F8042BCC0721F0030199
:104A100051F8043B48D824D222F07F4482FA4CF566
:104A200094EA1325A5FA8CF50AD165B951F8043B2F
:104A300084EA0204B4EB036F0ED150F8042BEBE7C9
:104A40004FEA132355E035F07F454DD10878FDE856
:104A50000445C0F1000070474FEA126203F0FF0303
:104A600047E002EA1C4482FA4CF594EA1345A5FAA1
:104A70008CF50AD165B951F8043B84EA0204B4EB21
:104A8000034F0CD150F8042BEBE74FEA134330E00F
:104A900015EA1C4528D10B884FEA124229E04FEA5B
:104AA000124203EA1C4324E002F0FF0482FA4CF5B0
:104AB00094EA1365A5FA8CF50AD165B951F8043B5F
:104AC00084EA0204B4EB032F09D150F8042BEBE77E
:104AD0004FEA13630DE015F0FF0F05D10B684FEAA5
:104AE000122223F07F4304E04FF00000FDE804456C
:104AF000704712BA1BBA82FA4CF482EA0304A4FA91
:104B00008CF5B5FA85F402FA04F203FA04F34FEADD
:104B10001260FDE80445A0EB1360704730B4064C0A
:104B2000064D2468246A002C08BF2C46D4F8E040C7
:104B3000A44630BC604700BF2C000020900000203D
:104B400021B1FF2A04D80A70012070470846704737
:104B50008A2303604FF0FF30704700BF704700BFEB
:104B6000704700BF51F8043C181F002BBCBF0B5806
:104B7000C0187047024B58221A604FF0FF30704740
:104B80005C0A0020024B58221A604FF0FF30704739
:104B90005C0A0020024B58221A604FF0FF30704729
:104BA0005C0A0020044A05491368002B08BF0B4625
:104BB0001844106018467047BC050020600A0020A9
:104BC000024B58221A604FF0FF3070475C0A0020F9
:104BD000F0B58BB006AF01F001FC5D4BB3F90230CC
:104BE0009BB25B429BB21CB2594BB3F90050584B7D
:104BF000B3F90460564BB3F908309BB25B429BB2E9
:104C00001BB2534AB2F906205149B1F90A10514872
:104C10000590514804904FF0645003900291019226
:104C2000009333462A4621464C4800F043FB3B1D87
:104C300007F1080207F10C01484800F001FF484B5A
:104C40001B78002B5ED1474B1B68FA68114618464B
:104C5000FDF7DAF903461A46424B1A60424B1B68CD
:104C6000BA6811461846FDF7CFF903461A463E4B7F
:104C70001A603E4B1B687A6811461846FDF7C4F966
:104C800003461A46394B1A60394B1B8801339AB2D6
:104C9000374B1A80364B1B88B3F57A7F32D3314BB2
:104CA0001C68334B1B881846FDF75EFA034619460D
:104CB0002046FDF765FB03461A462E4B1A602A4B29
:104CC0001C682B4B1B881846FDF74EFA0346194605
:104CD0002046FDF755FB03461A46274B1A60234B27
:104CE0001C68234B1B881846FDF73EFA03461946FD
:104CF0002046FDF745FB03461A46204B1A60184B29
:104D000001221A70FA681B4B1B6819461046FDF702
:104D100079F903461A461A4B1A60BA68164B1B6893
:104D200019461046FDF76EF903461A46154B1A60F0
:104D30007A68124B1B6819461046FDF763F9034663
:104D40001A46114B1A6000BF1437BD46F0BD00BFB4
:104D5000CC0500200AD7A33B90C1793D1802002062
:104D60006202002054020020580200205C02002051
:104D700060020020480200204C0200205002002067
:104D8000C0050020C4050020C805002080B594B0EF
:104D900000AF40214C4802F021FF0346A7F84C30F9
:104DA000B7F84C30002B00F08B80B7F84C30194628
:104DB000454802F0A1FE0023A7F84E3079E0B7F88D
:104DC0004E30414AD35C87F84B3097F84B305B2B21
:104DD00006D13E4B01221A703D4B00221A8063E03F
:104DE0003A4B1B78002B5ED097F84B305D2B41D1AE
:104DF000364B00221A70364B1B883F2B02D9344B9E
:104E00003F221A80324B1B881A463B4631491846CE
:104E1000FDF72EFC2E4B1B8807F150021344002295
:104E200003F8502C07F1400307F1440238462A49A1
:104E3000FDF702FD0346022B13D17B6C3A6C194639
:104E4000264802F095FE7B6C012B0FD13B6C98B28B
:104E50003B6C99B23B6C9AB23B6C9BB200F036FE55
:104E600004E03B4619461E4802F082FE184B002221
:104E70001A8019E0164B1B883E2B0DD8144B1B884B
:104E80001946144A97F84B305354114B1B88013381
:104E90009AB20F4B1A8007E00C4B00221A700C4B91
:104EA00000221A8000E000BFB7F84E300133A7F8A7
:104EB0004E30B7F84E20B7F84C309A42FFF47FAF2F
:104EC00000BF5037BD4680BD64020020E6020020CE
:104ED000E4020020A4020020F497000804980008CF
:104EE000249800082DE9B04384B004AF02F0D6FA4C
:104EF000474B0093012308220021002002F04AFCC6
:104F0000444B1B681846FCF7BFFD03460C46CDE931
:104F10000234414B0093012308220821002002F0B3
:104F200039FC3E4B1B681846FCF7AEFD03460C46A9
:104F3000CDE902343A4B00930123082210210020CE
:104F400002F028FC374B1B681846FCF79DFD034612
:104F50000C46CDE90234344B00930123082218217A
:104F6000002002F017FC314BB3F900300193304BB5
:104F70000093012308222021002002F00BFC2B4B80
:104F8000B3F9023001932B4B00930123082228210F
:104F9000002002F0FFFB254BB3F904300193264BB0
:104FA0000093012308223021002002F0F3FB1F4B65
:104FB000B3F90C300193214B0093012308223821CF
:104FC000002002F0E7FB02F023FA124B1B681846A0
:104FD000FCF75AFD80468946104B1B681846FCF7C3
:104FE00053FD04460D460F4B1B681846FCF74CFD5D
:104FF00002460B46CDE90223CDE9004542464B4629
:105000000F4802F0B5FD00BFBD46BDE8B08300BF4C
:1050100038980008C005002048980008C405002002
:1050200054980008C805002060980008CC050020AE
:105030006C980008749800087C9800088498000810
:105040008C98000880B500AF00F042F801F0DEFE59
:105050004FF47A714FF47A7000F084FD01F0ACFEE9
:105060004FF4E13002F02CFD4FF4FA6000F08CF8C0
:1050700001F09EFB124A4FF08041124800F003F904
:1050800002F0B0FB02F00AFA40F21A4340F21A4270
:1050900040F21A4140F21A4000F018FD01F0C0FF42
:1050A00007220521084802F03BF80E22322107486A
:1050B00002F036F8FFF76AFEFFF714FFFAE700BFC9
:1050C0000AD7A33C18020020D14B0008F96D000854
:1050D00080B500AF094B4FF000629A60042002F0E7
:1050E00007FF074B4FF6FF725A60054B1B68044AD7
:1050F00043F00103136000BF80BD00BF00ED00E07E
:1051000010E000E080B487B000AF786000233B611E
:105110001A4B1B681A4AA2FB03239A0C7B6802FBFA
:1051200003F3FB60174B9B687B61164B9B68BB606E
:10513000BA687B699A42F8D0BA687B699A4206D20B
:105140007A69BB68D31A3A6913443B6108E00D4B96
:105150005A68BB68D21A7B6913443A6913443B61AD
:10516000BB687B613A69FB689A4200D2DDE700BF09
:1051700000BF1C37BD4680BC704700BF0400002044
:1051800083DE1B4310E000E080B582B000AF7860A2
:105190007B684FF47A7202FB03F31846FFF7B2FF05
:1051A00000BF0837BD4680BD80B582B000AF7860D3
:1051B0004FF000017868FDF7D7F90346002B02D0C5
:1051C0004FF0000309E07868FBF7B6F8034619468C
:1051D0004FF07E50FDF7D4F8034618460837BD4619
:1051E00080BD80B584B000AFF860B9607A60B968FE
:1051F000F868FDF7AFF90346002B01D0BB6809E062
:105200007968F868FDF7C4F90346002B01D07B6884
:1052100000E0FB6818461037BD4680BD80B483B0FF
:1052200000AF78607B68002B28D07B684FF07E52FF
:105230001A607B684FF000025A607B684FF00002F2
:105240009A607B684FF00002DA607B684FF00002E2
:105250001A617B684FF000025A617B684FF00002D0
:105260009A617B684FF000025A627B684FF000023F
:105270009A627B684FF00002DA6200E000BF0C37F0
:10528000BD4680BC704780B584B000AFF860B9609F
:105290007A60FB68002B09D0F868FFF7BFFFFB6856
:1052A000BA68DA61FB687A681A6200E000BF1037FA
:1052B000BD4680BDB0B59CB000AFF8600846114651
:1052C0001A4603467B810B463B811346FB80FB68F5
:1052D000002B00F0AA834FF00001D7F89400FDF7EF
:1052E00043F90346002B40F0A283FB681B68FB6672
:1052F000FB685B68BB66FB689B687B66FB68DB687A
:105300003B66B7F980301846FCF732FF0346D7F802
:1053100090101846FCF780FF03464F491846FCF7EB
:105320007BFF0346FB65B7F984301846FCF720FF86
:105330000346D7F890101846FCF76EFF034646491F
:105340001846FCF769FF0346BB65B7F98830184675
:10535000FCF70EFF0346D7F890101846FCF75CFFE9
:1053600003463D491846FCF757FF03467B65B7F9EE
:105370000A301846FCF7FCFE0346D7F88C10184696
:10538000FCF74AFF03461C46B7F90A301846FCF7FB
:10539000EFFE0346D7F88C101846FCF73DFF034696
:1053A00019462046FCF738FF03461C46B7F908307B
:1053B0001846FCF7DDFE0346D7F88C101846FCF7BC
:1053C0002BFF03461D46B7F908301846FCF7D0FE00
:1053D0000346D7F88C101846FCF71EFF0346194603
:1053E0002846FCF719FF034619462046FCF70CFE39
:1053F00003461C46B7F906301846FCF7B9FE0346CB
:10540000D7F88C101846FCF707FF03461D46B7F97E
:1054100006301846FCF7ACFE0346D7F88C10184649
:10542000FCF7FAFE034619462846FCF7F5FE03464C
:1054300019462046FCF7E8FD03461846FFF7B4FE80
:1054400038654FF00001386DFDF7A2F80346002BD8
:1054500000F0448102E000BF35FA8E3CB7F90A3013
:105460001846FCF785FE0346D7F88C101846FCF763
:10547000D3FE03461946386DFCF7CEFE0346FB64A7
:10548000B7F908301846FCF773FE0346D7F88C10BE
:105490001846FCF7C1FE03461946386DFCF7BCFE02
:1054A0000346BB64B7F906301846FCF761FE0346B5
:1054B000D7F88C101846FCF7AFFE03461946386D36
:1054C000FCF7AAFE03467B64396EB86EFCF7A4FEB7
:1054D00003461C46796EF86EFCF79EFE034619469D
:1054E0002046FCF78FFD034619461846FCF78CFD55
:1054F00003463B64B96EF86EFCF78EFE03461C460D
:10550000396E786EFCF788FE034619462046FCF794
:105510007BFD034619461846FCF776FD0346FB6300
:10552000F96EF86EFCF778FE03461C46B96EB86E4D
:10553000FCF772FE034619462046FCF763FD03465E
:105540001C46796E786EFCF767FE034619462046C6
:10555000FCF758FD03461C46396E386EFCF75CFEBE
:10556000034619462046FCF74FFD0346BB63B96B63
:10557000B86CFCF751FE03461C46F96B786CFCF7DF
:105580004BFE034619462046FCF73CFD03467B6371
:10559000396C786CFCF740FE03461C46B96BF86C1E
:1055A000FCF73AFE034619462046FCF72BFD03465E
:1055B0003B63F96BF86CFCF72FFE03461C46396C15
:1055C000B86CFCF729FE034619462046FCF71AFD85
:1055D0000346FB62FB681C69FB681B6A796B184613
:1055E000FCF71AFE0346D7F894101846FCF714FE91
:1055F000034619462046FCF707FD03461A46FB689A
:105600001A61FB685C69FB681B6A396B1846FCF71A
:1056100003FE0346D7F894101846FCF7FDFD034639
:1056200019462046FCF7F0FC03461A46FB685A610F
:10563000FB689C69FB681B6AF96A1846FCF7ECFD7D
:105640000346D7F894101846FCF7E6FD03461946C2
:105650002046FCF7D9FC03461A46FB689A61FB68B2
:10566000DB69796B1846FCF7D7FD03461A46FB68E1
:105670001B6919461046FCF7C7FC03461946F86D2E
:10568000FCF7C2FC0346FB65FB68DB69396B184617
:10569000FCF7C2FD03461A46FB685B6919461046D3
:1056A000FCF7B2FC03461946B86DFCF7ADFC0346A7
:1056B000BB65FB68DB69F96A1846FCF7ADFD03467C
:1056C0001A46FB689B6919461046FCF79DFC034689
:1056D0001946786DFCF798FC03467B654FF07C51CA
:1056E000D7F89400FCF798FD0346BB62FB6E7B6223
:1056F000BB6E3B627B6EFB613B6EBB613B6A83F0C2
:105700000043F96D1846FCF787FD03461C46B96D4A
:10571000F869FCF781FD034619462046FCF772FC48
:1057200003461C46796DB869FCF776FD03461946B9
:105730002046FCF767FC0346B96A1846FCF76CFD87
:1057400003461946F86EFCF75FFC0346FB66F96DED
:10575000786AFCF761FD03461C46796DF869FCF731
:105760005BFD034619462046FCF74EFC03461C46EB
:10577000B96DB869FCF750FD034619462046FCF7A1
:1057800041FC0346B96A1846FCF746FD0346194634
:10579000B86EFCF739FC0346BB66B96D786AFCF756
:1057A0003BFD03461C46796D386AFCF735FD034620
:1057B00019462046FCF726FC03461C46F96DB869DD
:1057C000FCF72AFD034619462046FCF71DFC03465C
:1057D000B96A1846FCF720FD03461946786EFCF7B7
:1057E00013FC03467B66796D786AFCF715FD03466A
:1057F0001C46B96D386AFCF70FFD03461946204672
:10580000FCF702FC03461C46F96DF869FCF704FD41
:10581000034619462046FCF7F5FB0346B96A1846CD
:10582000FCF7FAFC03461946386EFCF7EDFB03461D
:105830003B66F96EF86EFCF7EFFC03461C46B96E4A
:10584000B86EFCF7E9FC034619462046FCF7DCFB82
:1058500003461C46796E786EFCF7DEFC034619465B
:105860002046FCF7D1FB03461C46396E386EFCF728
:10587000D3FC034619462046FCF7C6FB03461846F0
:10588000FFF792FC38654FF00001386DFCF780FEA1
:105890000346002B17D0396DF86EFCF7BDFC0346AC
:1058A000FB66396DB86EFCF7B7FC0346BB66396D15
:1058B000786EFCF7B1FC03467B66396D386EFCF7F9
:1058C000ABFC03463B66FB68FA6E1A60FB68BA6E77
:1058D0005A60FB687A6E9A60FB683A6EDA60B96E5D
:1058E000F86EFCF799FC03461C46396E786EFCF79F
:1058F00093FC034619462046FCF786FB03461946EF
:105900001846FCF781FB03461C46B96EB86EFCF7DF
:1059100083FC03461D46796E786EFCF77DFC0346DA
:1059200019462846FCF770FB034619461846FCF753
:105930006BFB034619464FF07E50FCF763FB0346B2
:1059400019462046FAF7F6FC03463B491846FCF791
:1059500063FC03461A46FB689A62796EF86EFCF7A0
:105960005BFC03461C46B96E386EFCF755FC0346DB
:1059700019462046FCF746FB034619461846FCF735
:1059800043FB03467B614FF07E522C497869FFF759
:1059900028FC78617869FAF77FFC034626491846A7
:1059A000FCF73AFC03461A46FB685A62396EF86EF9
:1059B000FCF732FC03461C46796EB86EFCF72CFCF3
:1059C000034619462046FCF71FFB034619461846B6
:1059D000FCF71AFB03461C46796E786EFCF71CFC3C
:1059E00003461D46396E386EFCF716FC0346194611
:1059F0002846FCF709FB034619461846FCF704FB4A
:105A0000034619464FF07E50FCF7FCFA0346194650
:105A10002046FAF78FFC034607491846FCF7FCFBC3
:105A200003461A46FB68DA6202E000BF00E000BFEE
:105A30007037BD46B0BD00BFE12E6542000080BF9B
:105A400080B485B000AFF860B9607A603B60FB68F5
:105A5000002B15D0BB68002B03D0FB685A6ABB68CB
:105A60001A607B68002B03D0FB689A6A7B681A6017
:105A70003B68002B05D0FB68DA6A3B681A6000E0DF
:105A800000BF1437BD4680BC704780B483B000AF00
:105A90000346FB80FB88B3F57A7F02D24FF47A731A
:105AA0000FE0FB88B3F5FA6F02D94FF4FA6308E010
:105AB000FB8844F61F62934202D944F61F6300E05C
:105AC000FB8818460C37BD4680BC7047F0B583B0E4
:105AD00000AF0446084611461A462346FB8003469B
:105AE000BB800B467B8013463B80FB881846FFF744
:105AF000CCFF03461C46BB881846FFF7C6FF03468B
:105B00001D467B881846FFF7C0FF03461E463B88AC
:105B10001846FFF7BAFF034632462946204601F0F1
:105B2000FFF900BF0C37BD46F0BD80B582B000AFB5
:105B30000346FB80FB881846FFF7A7FF0346FB8060
:105B4000FB88FA88F988F88801F0EAF900BF08377D
:105B5000BD4680BD80B500AF4FF47A70FFF7E5FF1A
:105B600000BF80BD80B582B000AF786039604FF46F
:105B7000FA60FFF7DAFF7868FFF706FB4FF47A70F8
:105B8000FFF7D3FF3868FFF7FFFAFFF7E3FF00BF27
:105B90000837BD4680BD80B483B000AF78607B68B5
:105BA0004FF000021A607B684FF000025A607B6879
:105BB0004FF000029A607B684FF00002DA607B6869
:105BC00000221A8200BF0C37BD4680BC704700001F
:105BD00090B58BB000AFF860B9607A604FF000010B
:105BE000B868FCF7C1FC0346002B07D14FF0000159
:105BF000F868FCF7B9FC0346002B14D07B684FF023
:105C00007E521A607B684FF000025A607B684FF04A
:105C100000029A607B684FF00002DA607B684FF008
:105C200000021A6183E0B968F868FCF7A9FB034633
:105C30007B62796A3F48FCF7A3FB03461846FAF7F4
:105C400003FB38623C4BFB61FB6919461846FCF7C5
:105C5000DBF90346396A1846FCF7DEFA03464FF0D3
:105C60007E511846FCF7D0F903461C46396A386A5B
:105C7000FCF7D2FA034619462046FCF7C5F903465D
:105C8000BB61396A386AFCF7C7FA0346B969184636
:105C9000FCF776FB03467B617B687A691A607B6957
:105CA00019461846FCF7B0F903461A467B685A6055
:105CB0007B687A699A60396A386AFCF7ADFA0346FC
:105CC0004FF07E511846FCF79DF9034619461846D9
:105CD000FCF79AF90346B9691846FCF751FB0346ED
:105CE0001A467B68DA60FB6919461846FCF78CF99E
:105CF0000346396A1846FCF78FFA034619464FF0F7
:105D00007E50FCF77FF903461C46396A386AFCF777
:105D100083FA034619462046FCF776F90346B9692B
:105D20001846FCF72DFB03461A467B681A612C3790
:105D3000BD4690BDDB0F4940F304353F80B582B0CE
:105D400000AF78600B467B807868FFF724FF7B68A4
:105D50007A885A8200BF0837BD4680BD90B587B0AB
:105D600000AFF860B9607A60BB681A8ABB685B8A6A
:105D70009A4208D2FB687B61BB681B8A01339AB2E6
:105D8000BB681A8243E07B681B68F9681846FCF719
:105D900043FA03461C467B685A68BB681B68194671
:105DA0001046FCF739FA034619462046FCF72CF951
:105DB00003461C467B689A68BB685B6819461046B8
:105DC000FCF72AFA034619462046FCF71DF903465C
:105DD0001C467B68DA68BB689B6819461046FCF76E
:105DE0001BFA034619462046FCF70CF903461C46ED
:105DF0007B681A69BB68DB6819461046FCF70CFA29
:105E0000034619462046FCF7FDF803467B61BB6854
:105E10001A68BB685A60BB68FA681A60BB689A68FF
:105E2000BB68DA60BB687A699A607B6918461C3780
:105E3000BD4690BD80B483B000AF0346FB80B7F988
:105E40000630002B04DAFB885B429BB21BB201E0F8
:105E5000B7F9063018460C37BD4680BC70470000C5
:105E600080B584B000AF03463960FB804FF000017D
:105E70003868FCF783FB0346002B0AD04FF07C51B7
:105E80003868FCF7C1F803461846FCF7A1FB034647
:105E900009E04FF07C513868FCF7B4F80346184627
:105EA000FCF796FB0346BB60B7F90620BB68D31A24
:105EB000FB60FB68B3F5004F03DB47F6FF73FB6045
:105EC00005E0FB6813F5004F01DA044BFB60FB684B
:105ED0001BB218461037BD4680BD00BF0080FFFFD3
:105EE000B0B586B000AF0346FB800B46BB801346BF
:105EF0007B80B7F906301846FCF73AF90446B7F943
:105F000006301846FCF734F9034619462046FCF7DC
:105F100083F903461C46B7F904301846FCF728F904
:105F20000546B7F904301846FCF722F9034619462E
:105F30002846FCF771F9034619462046FCF764F839
:105F400003461C46B7F902301846FCF711F905461E
:105F5000B7F902301846FCF70BF9034619462846F4
:105F6000FCF75AF9034619462046FCF74DF803465C
:105F70007B614FF08C433B6139693869FCF74CF920
:105F8000034618491846FCF747F9034615491846D1
:105F9000FCF742F90346FB6039693869FCF73CF9C4
:105FA000034611491846FCF737F903460E491846CF
:105FB000FCF732F90346BB60F9687869FCF7DEFA52
:105FC0000346002B08D0B9687869FCF7CDFA034680
:105FD000002B01D0012300E0002318461837BD46EE
:105FE000B0BD00BFCDCC4C3F9A99993F90B58BB0D6
:105FF00000AF00237B6200233B620023FB61002390
:10600000BB6100237B6140F2DC533B61594B4FF095
:1060100000021A60574B4FF000025A60554B4FF088
:1060200000029A60544B00221A7060E03B6A013310
:106030003B62524B00221A60252000F083F9034690
:10604000FB81272000F07EF90346BB81292000F068
:1060500079F903467B811F2000F09AF903463B81C2
:10606000212000F095F90346FB80232000F090F9F1
:106070000346BB80414B1B68002B00D037E0B7F9CB
:106080000E301846FFF7D6FE0346C82B2FDCB7F9B3
:106090000C301846FFF7CEFE0346C82B27DCB7F9B5
:1060A0000A301846FFF7C6FE0346C82B00DD1EE087
:1060B000B7F90420B7F90610B7F908301846FFF70A
:1060C0000FFF0346002B00D111E0B7F90E30FA693B
:1060D0001344FB61B7F90C30BA691344BB61B7F9DB
:1060E0000A307A6913447B617B6A01337B627B6A85
:1060F000B3F5FA7F03D23A6A3B699A4296D37B6A38
:10610000002B32D0F869FCF733F80446786AFCF7C4
:106110002BF8034619462046FCF732F903461A4687
:10612000144B1A60B869FCF723F80446786AFCF748
:106130001BF8034619462046FCF722F903461A4687
:106140000C4B5A607869FCF713F80446786AFCF740
:106150000BF8034619462046FCF712F903461A4687
:10616000044B9A60044B01221A7000BF2C37BD46C5
:1061700090BD00BFF402002000030020EC020020CC
:1061800080B483B000AF0346FB7197F90730002B52
:1061900003DAFB795B08DBB200E0FB7918460C37C9
:1061A000BD4680BC7047000080B584B000AF034698
:1061B000FB710023FB730B4AFB79137007F10F038C
:1061C000184600F07BF80346002B01D0012305E0C0
:1061D000FB7B472B01D1002300E002231846103738
:1061E000BD4680BD0000002080B586B002AF0346EA
:1061F0000A46FB711346BB71134B1878BA1DF97927
:1062000044F620630093012300F066FD0346FB7310
:10621000FB7B012B09D10D4B1B6801330B4A13602B
:106220000B4B1B6801330A4A1360FB7B002B06D023
:10623000FB7B012B01D1012302E0022300E00023BC
:1062400018461037BD4680BD00000020EC0200203B
:10625000F002002080B586B002AF03463960FB71C2
:10626000134B1878F97944F62063009301233A68B8
:1062700000F076FD0346FB73FB7B012B09D10D4B30
:106280001B6801330B4A13600B4B1B6801330A4A2E
:106290001360FB7B002B06D0FB7B012B01D101237C
:1062A00002E0022300E0002318461037BD4680BDFF
:1062B00000000020EC020020F002002080B582B037
:1062C00000AF78607B68002B01D1022304E079687D
:1062D0007520FFF7BFFF034618460837BD4680BD4F
:1062E00080B586B002AF03460A46FB711346BB7108
:1062F0000023BB73FB791846FFF742FF034618469D
:1063000007F10E02B97944F620630093012300F0EF
:1063100027FD0346FB73FB7B012B09D1074B1B6851
:106320000133064A1360064B1B680133044A1360AD
:10633000BB7B18461037BD4680BD00BFEC02002075
:10634000F002002080B584B000AF0346FB710F4B14
:106350001B78FA7911461846FFF7C2FF0346FB7314
:106360000A4B1A78FB790133DBB219461046FFF766
:10637000B7FF0346BB73FB7B1B021AB2BB7B1BB28E
:1063800013431BB218461037BD4680BD00000020E5
:1063900080B584B000AF0346FB710F4B1B78FA79D0
:1063A00011461846FFF79CFF0346FB730A4B1A7809
:1063B000FB790133DBB219461046FFF791FF034624
:1063C000BB73FB7B1B021AB2BB7B1BB213431BB21A
:1063D00018461037BD4680BD0000002090B585B03E
:1063E00000AFAE4B00221A602520FFF7ABFF03463B
:1063F000BB802720FFF7A6FF0346FB802920FFF77D
:10640000A1FF03463B811F20FFF7C2FF03467B81AC
:106410002120FFF7BDFF0346BB812320FFF7B8FF14
:106420000346FB819D4B1B68002B40F06981B7F947
:1064300004209B4BDA80B7F90620994B1A81B7F9F3
:106440000820974B5A81B7F90A20954B1A80B7F963
:106450000C20934B5A80B7F90E20914B9A80914BA8
:106460001B781D211846FFF73BFF03461B021CB299
:106470008C4B1B781E211846FFF732FF03461BB2D8
:1064800023431AB2864B9A81874B1B78002B26D068
:10649000834BB3F90620854B1B6819461046FFF75E
:1064A000DFFC03461A467E4BDA807D4BB3F90820A9
:1064B0007E4B5B6819461046FFF7D2FC03461A462E
:1064C000774B1A81764BB3F90A20784B9B681946B3
:1064D0001046FFF7C5FC03461A46714B5A81704BB4
:1064E000B3F906301846FFF7A5FC0346132B74DCFE
:1064F0006B4BB3F908301846FFF79CFC0346132B8F
:106500006BDC674BB3F90A301846FFF793FC034680
:10651000132B62DC624BB3F90000614BB3F902103C
:106520005F4BB3F904301A46FFF7DAFC0346002B41
:1065300053D05E4B1C68B7F904301846FBF718FEC1
:1065400002465A4B1B6819461046FBF75BFD034693
:1065500057491846FBF760FE034619462046FBF7ED
:1065600053FD03461A46514B1A60504B5C68B7F90D
:1065700006301846FBF7FCFD02464C4B5B6819469B
:106580001046FBF73FFD034649491846FBF744FE1A
:10659000034619462046FBF737FD03461A46434B90
:1065A0005A60424B9C68B7F908301846FBF7E0FD8B
:1065B00002463E4B9B6819461046FBF723FD0346F7
:1065C0003B491846FBF728FE034619462046FBF7D1
:1065D0001BFD03461A46354B9A60314BB3F9063022
:1065E0001846FBF7C5FD0346324A33491846FFF704
:1065F000B5FB03461846FBF7EBFF03461AB2284BE0
:10660000DA80274BB3F908301846FBF7B1FD034693
:10661000284A2A491846FFF7A1FB03461846FBF70C
:10662000D7FF03461AB21E4B1A811D4BB3F90A302D
:106630001846FBF79DFD03461E4A21491846FFF701
:106640008DFB03461846FBF7C3FF03461AB2144BF3
:106650005A81134BB3F900301846FBF789FD034606
:10666000184A19491846FFF779FB03461846FBF705
:10667000AFFF03461AB20A4B1A80094BB3F9023036
:106680001846FBF775FD03460E4A10491846FFF7FA
:1066900065FB03461846FBF79BFF19E0EC02002060
:1066A000CC0500200000002000030020F4020020A0
:1066B0006F12833A18030020680300207C03002037
:1066C00090030020040300202C030020400300203E
:1066D00003461AB20C4B5A800B4BB3F904301846E0
:1066E000FBF746FD0346094A09491846FFF736FB02
:1066F00003461846FBF76CFF03461AB2024B9A801A
:1067000000BF1437BD4690BDCC0500200403002017
:106710005403002080B500AF244800F0F5F868204D
:10672000FFF742FD0346002B07D06920FFF73CFD31
:106730000346002B01D0012336E000217620FFF72D
:1067400053FD0346002B01D001232DE00F214E20E5
:10675000FFF74AFD0346002B01D0012324E0462128
:106760005020FFF741FD0346002B01D001231BE021
:1067700006214F20FFF738FD0346002B01D00123EF
:1067800012E044215220FFF72FFD0346002B01D0D9
:10679000012309E01B211420FFF726FD0346002BEF
:1067A00001D0012300E00023184680BD801A0600B6
:1067B00080B500AF00BFFFF7ADFF0346002BFAD155
:1067C000FFF714FC114A12491248FFF701FA124A66
:1067D0000F491048FFF7FCF9C8211048FFF7AEFA3F
:1067E000C8210F48FFF7AAFAC8210E48FFF7A6FAFA
:1067F000C8210D48FFF7A2FAC8210C48FFF79EFAFE
:10680000C8210B48FFF79AFA00BF80BD040300209F
:106810000000A04100004843180300202C03002082
:106820004003002054030020680300207C03002064
:106830009003002080B483B000AF78607B68002BA9
:1068400001D07B6801E044F6206318460C37BD4652
:1068500080BC704780B483B000AF074B9B8A9BB26B
:106860007B60054B1B8B9BB27B607B6800BF0C374A
:10687000BD4680BC704700BF0054004080B500AFEB
:106880000121064801F0BCFF0549044802F061F807
:106890000121024801F0F0FF00BF80BD005400401C
:1068A0000004001080B584B000AFF8600B467A6039
:1068B000FB727868FFF7BEFF786017E0F968104850
:1068C00002F015F803461A46FB7A934201D10023E1
:1068D00012E00C490A4802F00AF80346012B05D1E0
:1068E0000849074802F035F8012305E07B685A1E85
:1068F0007A60002BE2D1012318461037BD4680BDD7
:10690000005400400004001080B588B000AF7860EB
:106910000121022002F0DAF801214FF4001002F008
:10692000F3F804220621214801F0C9FD04220721C1
:106930001E4801F0C4FD07F11803184601F079FD67
:10694000C023BB6102233B7702237B770123BB7704
:106950000123FB7707F118031946144801F0DCFC0A
:10696000134801F0F5FD07F10803184601F0ECFEAD
:106970007B68BB600023BB814BF6FF73FB81002368
:106980003B824FF480637B824FF48043BB8207F1EC
:1069900008031946064801F015FE0121044801F0DC
:1069A000F1FE00BF2037BD4680BD00BF000402409D
:1069B0000054004080B584B000AFB9607B600346EE
:1069C000FB731346BB81BB68002B02D0BB89002B35
:1069D00001D1022357E07868FFF72CFF78602C493B
:1069E0002C4801F0B6FF7A6800214FF40030FFF721
:1069F00059FF0346002B01D0012344E00121254823
:106A000001F0DFFE7A6801212348FFF74BFF0346C0
:106A1000002B03D0FFF732FF012334E0FB7B5B0048
:106A2000DBB2002219461B4801F009FF7A680121F8
:106A30001A48FFF737FF0346002B03D0FFF71EFF6E
:106A4000012320E0FFF706FF13E0BB685A1CBA6081
:106A50001B7819460F4801F02EFF7A680121104873
:106A6000FFF720FF0346002B03D0FFF707FF0123AA
:106A700009E0BB895A1EBA81002BE6D101210548E5
:106A800001F0BEFE002318461037BD4680BD00BF92
:106A9000000400100054004001000010020000102B
:106AA0000400001090B587B000AFB9607B6003466A
:106AB000FB731346BB810023FB82BB68002B02D013
:106AC000BB89002B01D10223F6E07868FFF7B2FE04
:106AD00078607B497B4801F03CFF7A6800214FF4E5
:106AE0000030FFF7DFFE0346002B01D00123E3E077
:106AF0000121744801F0C0FE0121724801F061FEDD
:106B00007A6801217048FFF7CDFE0346002B03D0C1
:106B1000FFF7B4FE0123CFE0FB7B5B00DBB2012279
:106B20001946684801F08BFE7A6801216748FFF733
:106B3000B9FE0346002B03D0FFF7A0FE0123BBE004
:106B4000BB89012B22D100215E4801F095FEFFF7A1
:106B500081FE01215B4801F053FE7A6801215C4807
:106B6000FFF7A0FE0346002B03D0FFF787FE0123AB
:106B7000A2E0544801F0AEFE03461A46BB681A7004
:106B80000121504801F078FE002395E0BB89022BDB
:106B900029D100214B4801F06FFEFFF75BFE7A68B8
:106BA00001214C48FFF77EFE0346002B03D0FFF780
:106BB00065FE012380E00121424801F021FE4148A9
:106BC00001F088FE03461A46BB681A70BB685C1C5D
:106BD0003C4801F07FFE034623700121394801F053
:106BE0004BFE002368E0FFF735FE19E07A680121CB
:106BF0003748FFF757FE0346002B03D0FFF73EFE52
:106C0000012359E0FB8A5A1CFA821A46BB689C1879
:106C10002C4801F05FFE03462370BB89013BBB811A
:106C2000BB89032BE2D87A6801212A48FFF73AFE94
:106C30000346002B03D0FFF721FE01233CE0002197
:106C4000204801F019FEFB8A5A1CFA821A46BB68DA
:106C50009C181C4801F03EFE03462370BB89013B93
:106C6000BB817A6801211B48FFF71CFE0346002BFD
:106C700003D0FFF703FE01231EE00121114801F0BC
:106C8000BFFDFB8A5A1CFA821A46BB689C180D4845
:106C900001F020FE03462370FB8A5A1CFA821A4632
:106CA000BB689C18074801F015FE034623700121BC
:106CB000044801F0E1FD002318461C37BD4690BD95
:106CC00000040010005400400100001002000010F9
:106CD000400000100400001080B58CB000AF3A6096
:106CE0001A460346FB710B46BB711346BB80BB883B
:106CF000202B01D901232FE0BB793B733B68002B8C
:106D000022D0BB88002B1FD00023FB850DE0FB8D1C
:106D10003A681A44FB8D0133127807F130010B44B5
:106D200003F8242CFB8D0133FB85FA8DBB889A4236
:106D3000EDD3BB8801339AB207F10C01F879BB6B34
:106D4000FFF738FE034607E007F10C01F879BB6B4B
:106D50000122FFF72FFE034618463037BD4680BD9F
:106D600080B584B000AF3A601A460346FB710B460B
:106D7000BB711346BB80BB79FB733B68002B02D011
:106D8000BB88002B01D1022312E007F10F01F87933
:106D9000BB690122FFF70EFE0346002B01D0012341
:106DA00006E0BA88F879BB693968FFF77BFE0346CD
:106DB00018461037BD4680BD80B582B000AF0121B6
:106DC000012001F083FE01233B6001233B7100237E
:106DD000BB710023FB7102237B713B4619460548BA
:106DE00001F09AFA0121034801F04AFB00BF08377D
:106DF000BD4680BD0000024080B500AF01210248C1
:106E000001F04CFB00BF80BD0000024080B58AB09D
:106E100000AF0121022001F077FE0121032001F0E3
:106E200055FE022206213B4801F049FB02220721C0
:106E3000384801F044FB02220021374801F03FFBB3
:106E400002220121344801F03AFBC0233B620223B5
:106E500087F82430032387F82530002387F826306D
:106E6000012387F8273007F120031946294801F04C
:106E700053FA03233B6207F120031946264801F029
:106E80004BFA5323BB820023FB8244F61F63BB6192
:106E90000023BB830023BB7707F1140319461F4867
:106EA00001F08AFF60233B8001237B800023BB60CD
:106EB0000023BB813B461946184802F025F83B46A3
:106EC0001946164802F09AF83B461946134802F054
:106ED0001DF93B461946114802F09EF908210F485A
:106EE00002F034FA08210D4802F04BFA08210B4851
:106EF00002F064FA0821094802F07BFA01210748F0
:106F000001F0C4FF0121054801F0DFFF00BF283771
:106F1000BD4680BD00000240000402400004004065
:106F200090B583B000AF0446084611461A46234682
:106F3000FB800346BB800B467B8013463B803B882F
:106F400019460B4802F0F5F97B881946084802F00B
:106F5000E3F9BB881946064802F0D1F9FB881946C7
:106F6000034802F0BFF900BF0C37BD4690BD00BF1B
:106F70000004004080B400AF00BFBD4680BC704735
:106F800080B400AFFEE780B400AFFEE780B400AF8E
:106F9000FEE780B400AFFEE780B400AF00BFBD469F
:106FA00080BC704780B400AF00BFBD4680BC704756
:106FB00080B400AF00BFBD4680BC704780B400AF56
:106FC00000BFBD4680BC704780B500AF01214FF0C7
:106FD000804002F04EFA0346002B06D001214FF00C
:106FE000804002F06FFA00F053F900BF80BD00004E
:106FF00080B584B000AF3B46184601F0C1FC074B9A
:107000009B6803F4E053002B01D1BB6801E0BB682F
:107010005B0018461037BD4680BD00BF00380240F7
:1070200080B588B000AF0023FB611DE0384AFB69E2
:107030001B01134400221A60354AFB691B011344EB
:10704000043300221A60324AFB691B0113440833DF
:1070500000221A602E4AFB691B0113440C330E22D6
:107060001A70FB690133FB61FB690F2BDED9294BD9
:1070700000221A70284B00221A600121012001F021
:1070800043FD00214FF0804001F01FFF4FF0804092
:1070900001F0B2FDFFF7ACFFB861BB691F4AA2FB6C
:1070A00003239B0C9BB2013BFB82FB8A3B810023A9
:1070B0007B8140F2E733FB6000233B820023BB74FB
:1070C00007F1080319464FF0804001F075FE0121D9
:1070D0004FF0804002F0F6F9012201214FF080408C
:1070E00002F0A4F91C233B7101237B710023BB71C7
:1070F0000123FB713B1D184600F098FE01214FF063
:10710000804001F0E2FE00BF2037BD4680BD00BFD9
:10711000A4030020A4040020A804002083DE1B4355
:1071200080B485B000AFF860B9601346FB711E4BA8
:107130001B780F2B33D8FB68002B30D0BB68002B9B
:107140002DD0FB790E2B01D90E23FB71164B1B782A
:10715000164A1B011344FA681A60134B1B78134A32
:107160001B0113440433BA681A60114B1A680E4BA2
:107170001B781846BB681A440C4903010B440833BA
:107180001A60094B1B78094A1B0113440C33FA7926
:107190001A70054B1B780133DAB2034B1A7000BF2B
:1071A0001437BD4680BC7047A4040020A40300200F
:1071B000A804002080B584B000AF78600023FB6095
:1071C0005AE00023BB604EE02F4ABB681B0113440A
:1071D0000C331B781A46FB68934241D12A4ABB689C
:1071E0001B0113441B68002B3AD0274ABB681B01C4
:1071F000134408331B687A68D31A002B30DB224A09
:10720000BB681B01134408331A681F49BB681B0184
:107210000B4404331B681A441B49BB681B010B4415
:1072200008331A60184ABB681B01134408331B68F3
:107230007A68D31A002B0DDB134ABB681B01134479
:1072400004331A687B681A440F49BB681B010B445E
:1072500008331A600C4ABB681B0113441B6898472B
:10726000BB680133BB60094B1B781A46BB6893426D
:10727000AAD3FB680133FB60FB680E2BA1D900BFCA
:107280001037BD4680BD00BFA4030020A404002029
:1072900080B500AF054B1B680133044A1360034BF4
:1072A0001B681846FFF786FF00BF80BDA8040020BA
:1072B00080B483B000AF01237B6000BF7B685A1E9F
:1072C0007A60002BFAD100BF0C37BD4680BC7047F6
:1072D00080B500AF02210B4801F0C4F80121094834
:1072E00001F0C0F8FFF7E4FF0221064801F0C8F8FA
:1072F000FFF7DEFF0121034801F0C2F8FFF7D8FFD6
:1073000000BF80BD0008024080B500AF02210748E1
:1073100001F0B6F80121054801F0A4F8FFF7C8FF15
:107320000221024801F09EF800BF80BD0008024023
:1073300080B500AF0221094801F094F8FFF7B8FFCB
:107340000121064801F08EF8FFF7B2FF0121034842
:1073500001F096F8FFF7ACFF00BF80BD00080240C7
:1073600080B584B000AF0346FB710023FB731EE0C1
:1073700097F90730002B04DA0221104801F072F867
:1073800003E002210D4801F07BF8FFF791FF012196
:107390000A4801F067F8FFF78BFF0121074801F069
:1073A0006FF8FB795B00FB71FB7B0133FB73FB7BAD
:1073B000072BDDD900BF1037BD4680BD0008024055
:1073C00080B582B000AF03460A46FB711346BB711D
:1073D000FFF77EFF7820FFF7C3FFFFF7A9FFBB7918
:1073E000002B03D04020FFF7BBFF02E00020FFF797
:1073F000B7FFFFF79DFFFB791846FFF7B1FFFFF7D7
:1074000097FFFFF781FF00BF0837BD4680BD000032
:1074100080B582B000AF0023FB7135E0FB79503BB3
:10742000DBB200211846FFF7CBFF00210020FFF759
:10743000C7FF00211020FFF7C3FFFFF749FF7820A7
:10744000FFF78EFFFFF774FF4020FFF789FFFFF77C
:107450006FFF0023BB710EE0BA79FB790E49D200B1
:107460000A4413441B781846FFF77AFFFFF760FFC2
:10747000BB790133BB7197F90630002BECDAFFF7CB
:1074800043FFFB790133FB71FB79072BC6D900BFA2
:107490000837BD4680BD00BFDC05002080B582B046
:1074A00000AF0023FB7114E00023BB710AE0BA793E
:1074B000FB790C49D2000A44134400221A70BB79AC
:1074C0000133BB7197F90630002BF0DAFB790133F9
:1074D000FB71FB79072BE7D9FFF79AFF00BF08374D
:1074E000BD4680BDDC05002080B485B000AF0346FA
:1074F000FB710B46BB7113467B71BB79DB08FB73D9
:10750000BB7903F00703BB73BB7B012202FA03F3D1
:107510007B737B79002B12D0FA79FB7B2449D20054
:107520000A4413441878FA79FB7B797B0143C8B28B
:107530001F49D2000A44134402461A7033E0FA7914
:10754000FB7B1B49D2000A4413441978FA79FB7B70
:10755000C943C8B21649D2000A44134402461A70FD
:10756000FA79FB7B1249D2000A4413441878FA795D
:10757000FB7B797B0143C8B20D49D2000A44134416
:1075800002461A70FA79FB7B0949D2000A44134477
:107590001978FA79FB7BC943C8B20549D2000A447D
:1075A000134402461A7000BF1437BD4680BC7047B2
:1075B000DC05002090B585B000AF044608461146B2
:1075C0001A462346FB710346BB710B467B7113467B
:1075D0003B71FB79BB72BB79FB723B79082B02D103
:1075E00006233B7314E03B79DB08DBB21A463B7998
:1075F00003F00703DBB2002B14BF01230023DBB22F
:107600001344DAB23B795B08DBB212FB03F33B7342
:107610007B79203B7B720023FB7378E03B79082B5E
:107620000BD17A7AF97B3E4813465B0013445B002A
:1076300003440B441B787B7328E03B790C2B0BD164
:107640007A7AF97B374813465B0013449B00034466
:107650000B441B787B7319E03B79102B08D17A7AA5
:10766000FB7B314912010A4413441B787B730DE004
:107670003B79182B50D17A7AF97B2C481346DB00E2
:1076800013449B0003440B441B787B730023BB73A0
:1076900022E07B7B03F00103002B07D097F820202A
:1076A000B979FB791846FFF71FFF0CE097F82030F7
:1076B000002B0CBF01230023DBB21A46B979FB79FA
:1076C0001846FFF711FF7B7B5B087B73BB790133A7
:1076D000BB71BB7B0133BB73BB7B072BD9D9FB7958
:1076E0000133FB713B79082B0CD0FA79BB7AD31AA2
:1076F0003A795208D2B2934204D1BB7AFB71FB7A39
:107700000833FB72FB7ABB71FB7B0133FB73FA7BA3
:107710003B7B9A4282D300E000BF1437BD4690BD48
:10772000A8980008D09A0008449F000834A50008D3
:1077300090B585B002AF3A601A460346FB710B461E
:10774000BB7113467B7119E03B681A787C79B97973
:10775000F8793B7E00932346FFF72CFF7B79082BBB
:1077600003D1FB790633FB7105E07B795B08DAB264
:10777000FB791344FB713B6801333B603B681B782A
:107780001F2B03D93B681B787E2BDDD900BF0C373C
:10779000BD4690BD90B58FB002AF04460846114675
:1077A0001A462346FB710346BB710B467B71134699
:1077B0003B7107F14403FB6007F11000FB683A6C72
:1077C0002021FBF783F97C7907F11002B979F87968
:1077D0003B7900932346FFF7ABFF00BF3437BD462C
:1077E00090BD000080B582B000AF0121042001F0FF
:1077F0006DF903233B6001233B710023BB7103231D
:107800007B710123FB713B4619463E4800F084FD25
:10781000C820FDF7B9FC0021AE20FFF7D1FD002103
:107820000020FFF7CDFD00211020FFF7C9FD00214A
:107830004020FFF7C5FD00218120FFF7C1FD002199
:10784000CF20FFF7BDFD0021A120FFF7B9FD0021EA
:10785000C820FFF7B5FD0021A620FFF7B1FD0021EC
:10786000A820FFF7ADFD00213F20FFF7A9FD002173
:10787000D320FFF7A5FD00210020FFF7A1FD002187
:10788000D520FFF79DFD00218020FFF799FD002105
:10789000D920FFF795FD0021F120FFF791FD002190
:1078A000DA20FFF78DFD00211220FFF789FD00216E
:1078B000DB20FFF785FD00214020FFF781FD00213F
:1078C0002020FFF77DFD00210220FFF779FD002138
:1078D0008D20FFF775FD00211420FFF771FD0021B9
:1078E000A420FFF76DFD0021A620FFF769FDFFF73B
:1078F000D5FD0021AF20FFF763FD00BF0837BD466F
:1079000080BD00BF0008024080B582B000AF0121F9
:10791000012001F0DBF8072209210E4800F0CFFD1D
:1079200007220A210B4800F0CAFD4FF4C0633B60F8
:1079300002233B7102237B710023BB710123FB7186
:107940003B461946034800F0E7FC00BF0837BD4638
:1079500080BD00BF0000024080B586B000AF7860F7
:107960000121102001F0EEF8104801F0BBFD7B680A
:10797000BB600023BB810023FB8100233B820023EB
:10798000BB820C237B8207F108031946074801F0EC
:1079900035FE0122C021054801F009FF01210348FD
:1079A00001F0E6FE00BF1837BD4680BD0010014063
:1079B00080B590B000AF1F4800F0B6FA00BF1D4878
:1079C00000F02BFC0346002BF9D13B1D184600F0BC
:1079D000D3FB4FF000637B60174BBB60174BFB6022
:1079E00000233B614FF480737B610023BB614FF444
:1079F0008063FB6100233B6200237B624FF4807352
:107A0000BB624FF40033FB6200233B6303237B63C1
:107A10000023BB630023FB633B1D1946054800F0B0
:107A200055FB0121034800F0DDFB00BF4037BD4698
:107A300080BD00BF4064024004100140B00400203B
:107A400080B590B000AF1C4800F06EFA00BF1A4835
:107A500000F0E3FB0346002BF9D13B1D184600F074
:107A60008BFB4FF000637B60144BBB600023FB601B
:107A700040233B6100237B610023BB614FF48063A3
:107A8000FB6100233B6200237B620023BB624FF457
:107A90000033FB6200233B6303237B630023BB6350
:107AA0000023FB633B1D1946034800F00FFB00BF9A
:107AB0004037BD4680BD00BFB8640240041001409D
:107AC00080B582B000AF786001214FF4800000F0F3
:107AD000FDFFFFF719FF7868FFF73EFFFFF768FF2C
:107AE000FFF7AEFF034B00221A8000BF0837BD46E8
:107AF00080BD00BFB005002080B582B000AF7860C7
:107B00000B467B807B68002B2BD07B88002B28D0FA
:107B100000BF164800F081FB0346002BF9D14FF05F
:107B20003D51124800F0CAFB104A7B68D3600F4AEF
:107B30007B88536001210D4800F054FB00BF4FF0DB
:107B400020510A4800F080FB0346002BF7D00021AB
:107B5000064800F047FB4FF03D51044800F0AEFBF3
:107B600000E000BF0837BD4680BD00BFB8640240DA
:107B70000FB480B5C2B000AFD7F81031002B22D0BF
:107B800007F58A723B461A603B46381D1B68D7F8DA
:107B900010214FF48071FAF799FFC7F80401D7F864
:107BA0000431002B11DDD7F80431FF2B02D9FF235C
:107BB000C7F80431D7F804319AB23B1D1146184674
:107BC000FFF79AFF02E000BF00E000BF07F58477EF
:107BD000BD46BDE8804004B07047000080B485B069
:107BE00000AF78600B467B807B68002B02D07B88DF
:107BF000002B01D100233FE0224B5B689BB2C3F511
:107C000080737B81204B1B887A899A4205D31E4B57
:107C10001B887A89D31AFB8107E01B4B1B887A8962
:107C2000D31A9BB203F58073FB81FA897B88934258
:107C300028BF13463B810023BB8118E0124B1B88F1
:107C40001946BB897A681344104A525C1A700E4B6D
:107C50001B8801339AB20C4B1A800B4B1B88FF2BED
:107C600002D9094B00221A80BB890133BB81BA8932
:107C70003B899A42E2D33B8918461437BD4680BC03
:107C8000704700BF40640240B0050020B0040020EF
:107C900080B500AF124B1B68114A43F0010313601B
:107CA0000F4B00229A600E4B1B680D4A23F0847321
:107CB00023F4803313600A4B0A4A5A60084B1B684E
:107CC000074A23F480231360054B0022DA6000F09A
:107CD0000DF8054B4FF000629A6000BF80BD00BFF9
:107CE000003802401030002400ED00E080B483B082
:107CF00000AF00237B6000233B60354B1B68344A98
:107D000043F480331360324B1B6803F400333B6051
:107D10007B6801337B603B68002B03D17B68B3F544
:107D2000A04FF0D12A4B1B6803F40033002B02D084
:107D300001233B6001E000233B603B68012B42D103
:107D4000234B1B6C224A43F080531364214B1B6866
:107D5000204A43F4404313601D4B1D4A9B689360C7
:107D60001B4B9B681A4A43F400439360184B9B6873
:107D7000174A43F4A0539360154B174A5A60144BAB
:107D80001B68134A43F08073136000BF104B1B68DD
:107D900003F00073002BF9D0104B40F205721A600B
:107DA0000B4B9B680A4A23F003039360084B9B68C4
:107DB000074A43F00203936000BF054B9B6803F042
:107DC0000C03082BF9D100BF0C37BD4680BC7047AF
:107DD000003802400070004008544007003C024058
:107DE0000C4D0D4C03E02B682360043504340B4B21
:107DF0009C42F8D10A4C02E0002323600434094B72
:107E00009C42F9D1FFF744FFFAF70EFCFDF71AF98F
:107E1000FEE700BFB8BC000800000020FC01002005
:107E2000FC010020600A0020FEE7000080B485B05D
:107E300000AF78600023FB730023BB730F237B73B9
:107E40007B68DB78002B39D0274BDB68DB431B0AD0
:107E5000DBB203F00703FB73FB7BC3F10403BB73CB
:107E60007A7BFB7B42FA03F37B737B685B781A4671
:107E7000BB7B02FA03F3FB737B689A787B7B13402E
:107E8000DAB2FB7B1343FB73FB7B1B01FB73174ACB
:107E90007B681B781344FA7B83F800237B681B788C
:107EA00003F01F0311497A6812785209D2B21046C2
:107EB000012202FA03F341F820300FE07B681B78BF
:107EC00003F01F0309497A6812785209D2B21046AA
:107ED00001229A4000F1200341F8232000BF14370B
:107EE000BD4680BC704700BF00ED00E000E100E04F
:107EF00080B483B000AF78607B68042B06D1094B57
:107F00001B68084A43F00403136005E0054B1B6837
:107F1000044A23F00403136000BF0C37BD4680BC45
:107F2000704700BF10E000E080B483B000AF78601D
:107F30007B681B6823F001027B681A607B68002263
:107F40001A607B6800225A607B6800229A607B6816
:107F50000022DA607B6800221A617B6821225A6164
:107F60007B68454A934203D1444B3D229A607EE0B0
:107F70007B68434A934204D1404B4FF474629A6049
:107F800075E07B683F4A934204D13C4B4FF4741236
:107F90009A606CE07B683C4A934204D1374B4FF0C7
:107FA00074629A6063E07B68384A934203D1334B32
:107FB000374ADA605BE07B68364A934203D12F4B45
:107FC000354ADA6053E07B68344A934203D12B4B45
:107FD000334ADA604BE07B68324A934204D1274B44
:107FE0004FF03D52DA6042E07B682F4A934203D162
:107FF0002E4B3D229A603AE07B682D4A934204D191
:108000002A4B4FF474629A6031E07B68294A9342AC
:1080100004D1264B4FF474129A6028E07B68264AFC
:10802000934204D1214B4FF074629A601FE07B6849
:10803000224A934203D11D4B154ADA6017E07B6850
:108040001F4A934203D1194B134ADA600FE07B6851
:108050001C4A934203D1154B114ADA6007E07B6852
:10806000194A934203D1114B4FF03D52DA6000BFE1
:108070000C37BD4680BC7047106002400060024073
:108080002860024040600240586002407060024038
:108090003D00002088600240400F0020A0600240A8
:1080A00000003D20B86002401064024000640240BD
:1080B00028640240406402405864024070640240F8
:1080C00088640240A0640240B864024080B485B075
:1080D00000AF786039600023FB607B681B68FB6041
:1080E000FA68244B1340FB603B681A683B68DB6806
:1080F0001A433B685B691A433B689B691A433B68B8
:10810000DB691A433B681B6A1A433B685B6A1A4384
:108110003B689B6A1A433B685B6B1A433B689B6BEB
:108120001343FA681343FB607B68FA681A607B6844
:108130005B69FB60FB6823F00703FB603B68DA6A5E
:108140003B681B6B1343FA681343FB607B68FA6858
:108150005A613B681A697B685A603B685A687B6859
:108160009A603B689A687B68DA6000BF1437BD4646
:1081700080BC70473F801CF080B483B000AF786053
:108180007B6800221A607B6800225A607B680022AC
:108190009A607B680022DA607B6800221A617B6843
:1081A00000225A617B6800229A617B680022DA61B2
:1081B0007B6800221A627B6800225A627B68002278
:1081C0009A627B680022DA627B6800221A637B680D
:1081D00000225A637B6800229A6300BF0C37BD46B9
:1081E00080BC704780B483B000AF78600B46FB70F2
:1081F000FB78002B06D07B681B6843F001027B688C
:108200001A6005E07B681B6823F001027B681A6036
:1082100000BF0C37BD4680BC704780B485B000AF4E
:1082200078600023FB737B681B6803F00103002B5D
:1082300002D00123FB7301E00023FB73FB7B184694
:108240001437BD4680BC704780B487B000AF7860FB
:1082500039600023FB750023FB607B68144A93425E
:1082600002D8144B3B6101E0134B3B613B6803F0C8
:108270000053002B03D03B695B68FB6002E03B6965
:108280001B68FB60FB6823F0F02323F08213FB6084
:10829000FA683B681340002B02D00123FB7501E014
:1082A0000023FB75FB7D18461C37BD4680BC70471C
:1082B0000F640240006002400064024080B485B058
:1082C00000AF786039607B68104A934202D8104B47
:1082D000FB6001E00F4BFB603B6803F00053002B99
:1082E00007D03B6823F0F02323F08213FA68D360B1
:1082F00006E03B6823F0F02323F08213FA689360D2
:1083000000BF1437BD4680BC704700BF0F640240F9
:10831000006002400064024080B487B000AF786023
:10832000396000237B6100233B610023FB60002355
:108330007B6176E001227B6902FA03F33B613B68D3
:108340001B683A691340FB60FA683B699A4265D141
:108350007B681A687B695B00032101FA03F3DB4346
:108360001A407B681A607B681A683B681B7919465B
:108370007B695B0001FA03F31A437B681A603B6870
:108380001B79012B03D03B681B79022B2ED17B6814
:108390009A687B695B00032101FA03F3DB431A400F
:1083A0007B689A607B689A683B685B7919467B6951
:1083B0005B0001FA03F31A437B689A607B685A6892
:1083C0007B699BB2194601238B40DB431A407B68D3
:1083D0005A607B685B683A68927911467A6992B212
:1083E00001FA02F292B21A437B685A607B68DA683B
:1083F0007B699BB25B00032101FA03F3DB431A4064
:108400007B68DA607B68DA683B68DB7919467B69F0
:108410005B0001FA03F31A437B68DA607B6901337E
:108420007B617B690F2B85D900BF1C37BD4680BCA3
:10843000704780B483B000AF78607B684FF6FF72FE
:108440001A607B6800221A717B6800225A717B686F
:1084500000229A717B680022DA7100BF0C37BD469A
:1084600080BC704780B483B000AF78600B467B80DF
:108470007B687A881A8300BF0C37BD4680BC704782
:1084800080B483B000AF78600B467B807B687A88CD
:108490005A8300BF0C37BD4680BC704780B483B0A0
:1084A00000AF78600B467B807B685A697B885A40B6
:1084B0007B685A6100BF0C37BD4680BC704780B4F2
:1084C00085B000AF78600B467B8013467B7000233D
:1084D000FB600023BB607A787B8803F007039B0076
:1084E00002FA03F3FB607B88DB089BB21A467B68C9
:1084F000083253F822207B8803F007039B000F21EA
:1085000001FA03F3DB437988C90889B2084602EA15
:1085100003017B6800F1080243F822107B88DB0826
:108520009BB21A467B68083253F82230FA6813432C
:10853000BB607B88DB089BB21A467B680832B9684F
:1085400043F8221000BF1437BD4680BC70470000BE
:1085500080B582B000AF78607B68174A93420AD139
:1085600001214FF4001000F00BFB00214FF400102C
:1085700000F006FB1CE07B68104A93420AD10121FF
:108580004FF4800000F0FCFA00214FF4800000F06E
:10859000F7FA0DE07B680A4A934209D101214FF4B2
:1085A000000000F0EDFA00214FF4000000F0E8FABE
:1085B00000BF0837BD4680BD005400400058004051
:1085C000005C004080B58AB000AF7860396000235D
:1085D000FB8400237B840423BB84574BFB617B68B3
:1085E0009B88FB84FB8C23F03F03FB8407F10C0387
:1085F000184600F0C5F97B69FB61FB694F4AA2FB95
:1086000003239B0C7B84FA8C7B8C1343FB847B6859
:10861000FA8C9A807B681B889BB223F001039AB284
:108620007B681A800023FB843B681B68444A9342A2
:1086300015D83B681B685B00FA69B2FBF3F3BB8497
:10864000BB8C032B01D80423BB84FA8CBB8C134353
:10865000FB847B8C01339AB27B681A8440E03B68D0
:10866000DB884BF6FF72934209D13B681A681346C8
:108670005B001344FA69B2FBF3F3BB840EE03B6882
:108680001A6813469B0013449A001344FA69B2FB1C
:10869000F3F3BB84BB8C43F48043BB84BB8CC3F338
:1086A0000B03002B03D1BB8C43F00103BB84BA8CBA
:1086B000FB8C13439BB26FEA43436FEA5343FB8443
:1086C0007B8C4FF4967202FB03F31E4A82FB03126B
:1086D0009211DB17D31A9BB201339AB27B681A84CA
:1086E0007B68FA8C9A837B681B889BB243F00103FA
:1086F0009AB27B681A807B681B88FB84FB8C23F40E
:10870000816323F00203FB843B689A883B685B89A2
:1087100013439AB2FB8C1343FB847B68FA8C1A8058
:108720003B689A893B681B8913439AB27B681A811C
:1087300000BF2837BD4680BD00127A0083DE1B4390
:10874000A0860100D34D621080B483B000AF786082
:108750007B6841F288321A607B6800229A807B68CD
:108760004BF6FF72DA807B6800221A817B68002258
:108770005A817B684FF480429A8100BF0C37BD4616
:1087800080BC704780B483B000AF78600B46FB704C
:10879000FB78002B08D07B681B889BB243F0010359
:1087A0009AB27B681A8007E07B681B889BB223F033
:1087B00001039AB27B681A8000BF0C37BD4680BCAB
:1087C000704780B483B000AF78600B46FB70FB78D5
:1087D000002B08D07B681B889BB243F480739AB24D
:1087E0007B681A8007E07B681B889BB223F4807348
:1087F0009AB27B681A8000BF0C37BD4680BC7047B8
:1088000080B483B000AF78600B46FB70FB78002B20
:1088100008D07B681B889BB243F400739AB27B68D4
:108820001A8007E07B681B889BB223F400739AB21E
:108830007B681A8000BF0C37BD4680BC704780B48F
:1088400083B000AF78600B46FB701346BB70BB78FB
:10885000002B04D0FB7843F00103FB7003E0FB78AE
:1088600023F00103FB70FB789AB27B681A8200BF89
:108870000C37BD4680BC704780B483B000AF7860D1
:108880000B46FB70FB78002B08D07B681B889BB2E3
:1088900043F480639AB27B681A8007E07B681B8888
:1088A0009BB223F480639AB27B681A8000BF0C37B6
:1088B000BD4680BC704780B483B000AF78600B4683
:1088C000FB70FB789AB27B681A8200BF0C37BD46FA
:1088D00080BC704780B483B000AF78607B681B8A2F
:1088E0009BB2DBB218460C37BD4680BC704780B4E3
:1088F00087B000AF786039600023FB7500233B61CF
:108900000023FB607B68FB603B681B0F3B613B689F
:1089100023F07F433B603B69002B03D0FB6814339B
:10892000FB6005E03B681B0C3B60FB681833FB6099
:10893000FB681A683B681340002B02D00123FB75CB
:1089400001E00023FB75FB7D18461C37BD4680BC4B
:10895000704780B485B000AF786039600023FB6059
:108960003B6823F07F43FB60FB689BB2DB439AB21A
:108970007B689A8200BF1437BD4680BC70470000F8
:1089800080B489B000AF78600023BB6100237B61B5
:108990000023FB6102233B610023FB600223BB60D9
:1089A000474B9B6803F00C03BB61BB69042B07D0EA
:1089B000082B09D0002B3DD17B68424A1A603DE06C
:1089C0007B68404A1A6039E03D4B5B689B0D03F0C1
:1089D0000103FB603A4B5B6803F03F03BB60FB683D
:1089E000002B0CD0374ABB68B2FBF3F3344A526811
:1089F0009209C2F3080202FB03F3FB610BE0314A68
:108A0000BB68B2FBF3F32E4A52689209C2F3080224
:108A100002FB03F3FB612A4B5B681B0C03F00303AF
:108A200001335B003B61FA693B69B2FBF3F27B689F
:108A30001A6003E07B68234A1A6000BF204B9B68E2
:108A400003F0F003BB61BB691B09BB611E4ABB6934
:108A500013441B78DBB27B617B681A687B69DA4060
:108A60007B685A60164B9B6803F4E053BB61BB699B
:108A70009B0ABB61144ABB6913441B78DBB27B6160
:108A80007B685A687B69DA407B689A600C4B9B680C
:108A900003F46043BB61BB695B0BBB610A4ABB6902
:108AA00013441B78DBB27B617B685A687B69DA40D0
:108AB0007B68DA6000BF2437BD4680BC704700BFCA
:108AC0000038024000127A001800002080B483B001
:108AD00000AF78600B46FB70FB78002B06D0094B8B
:108AE0001A6B08497B6813430B6306E0054B1A6B4E
:108AF0007B68DB43034913400B6300BF0C37BD4663
:108B000080BC70470038024080B483B000AF78600A
:108B10000B46FB70FB78002B06D0094B1A6C0849FA
:108B20007B6813430B6406E0054B1A6C7B68DB43E0
:108B3000034913400B6400BF0C37BD4680BC70472F
:108B40000038024080B483B000AF78600B46FB7001
:108B5000FB78002B06D0094B5A6C08497B681343FD
:108B60004B6406E0054B5A6C7B68DB4303491340BA
:108B70004B6400BF0C37BD4680BC704700380240D4
:108B800080B483B000AF78600B46FB70FB78002B9D
:108B900006D0094B1A6A08497B6813430B6206E04A
:108BA000054B1A6A7B68DB43034913400B6200BF25
:108BB0000C37BD4680BC70470038024080B483B09B
:108BC00000AF78600B46FB70FB78002B06D0094B9A
:108BD0005A6A08497B6813434B6206E0054B5A6AA0
:108BE0007B68DB43034913404B6200BF0C37BD4633
:108BF00080BC70470038024080B582B000AF78601A
:108C00007B68604A934208D101210120FFF7D6FF1B
:108C100000210120FFF7D2FFAFE07B68B3F1804F66
:108C200008D101210120FFF7ABFF00210120FFF750
:108C3000A7FFA2E07B68544A934208D10121022099
:108C4000FFF79EFF00210220FFF79AFF95E07B6867
:108C50004E4A934208D101210420FFF791FF0021E1
:108C60000420FFF78DFF88E07B68494A934208D1D2
:108C700001210820FFF784FF00210820FFF780FF73
:108C80007BE07B68434A934208D101211020FFF723
:108C900077FF00211020FFF773FF6EE07B683E4AEC
:108CA000934208D101212020FFF76AFF00212020F4
:108CB000FFF766FF61E07B68384A934208D10121E3
:108CC0000220FFF77BFF00210220FFF777FF54E02F
:108CD0007B68334A93420AD101214FF48030FFF779
:108CE0006DFF00214FF48030FFF768FF45E07B689F
:108CF0002C4A93420AD101214FF40030FFF75EFF66
:108D000000214FF40030FFF759FF36E07B68264A18
:108D100093420AD101214FF48020FFF74FFF002139
:108D20004FF48020FFF74AFF27E07B681F4A9342F9
:108D300008D101214020FFF723FF00214020FFF749
:108D40001FFF1AE07B681A4A934208D10121802054
:108D5000FFF716FF00218020FFF712FF0DE07B6870
:108D6000144A934209D101214FF48070FFF708FFA4
:108D700000214FF48070FFF703FF00BF0837BD46A6
:108D800080BD00BF0000014000040040000800401A
:108D9000000C00400010004000140040000401409E
:108DA00000400140004401400048014000180040DC
:108DB000001C00400020004080B485B000AF786007
:108DC00039600023FB817B681B88FB817B68284A14
:108DD000934213D07B68274A93420FD07B68B3F14C
:108DE000804F0BD07B68244A934207D07B68234A8C
:108DF000934203D07B68224A934208D1FB8923F037
:108E00007003FB813B685A88FB891343FB817B68B5
:108E10001C4A93420CD07B681B4A934208D0FB89C2
:108E200023F44073FB813B681A89FB891343FB8160
:108E30007B68FA891A803B685A687B68DA623B680B
:108E40001A887B681A857B68094A934203D07B683D
:108E5000084A934204D13B689B7A9AB27B681A868F
:108E60007B6801229A8200BF1437BD4680BC7047E0
:108E700000000140000401400004004000080040E0
:108E8000000C0040001000400014004080B483B08B
:108E900000AF78600B46FB70FB78002B08D07B6836
:108EA0001B889BB243F080039AB27B681A8007E06C
:108EB0007B681B889BB223F080039AB27B681A8080
:108EC00000BF0C37BD4680BC704780B483B000AF94
:108ED00078600B46FB70FB78002B08D07B681B8802
:108EE0009BB243F001039AB27B681A8007E07B686B
:108EF0001B889BB223F001039AB27B681A8000BFE3
:108F00000C37BD4680BC704780B485B000AF786038
:108F1000396000237B810023FB810023BB817B68B8
:108F20001B8C9BB223F001039AB27B681A847B6886
:108F30001B8CFB817B689B88BB817B681B8B7B8147
:108F40007B8923F070037B817B8923F003037B8182
:108F50003B681A887B8913437B81FB8923F00203DA
:108F6000FB813B689A89FB891343FB813B685A88E4
:108F7000FB891343FB817B681E4A934203D07B68C5
:108F80001D4A934223D1FB8923F00803FB813B68F0
:108F9000DA89FB891343FB81FB8923F00403FB81FE
:108FA0003B689A88FB891343FB81BB8923F4807358
:108FB000BB81BB8923F40073BB813B681A8ABB89E0
:108FC0001343BB813B685A8ABB891343BB817B68CF
:108FD000BA899A807B687A891A833B689A687B6829
:108FE0005A637B68FA891A8400BF1437BD4680BC77
:108FF000704700BF000001400004014080B485B00C
:1090000000AF7860396000237B810023FB8100235F
:10901000BB817B681B8C9BB223F010039AB27B68E8
:109020001A847B681B8CFB817B689B88BB817B6877
:109030001B8B7B817B8923F4E0437B817B8923F439
:1090400040737B813B681B881B029AB27B89134368
:109050007B81FB8923F02003FB813B689B891B01FB
:109060009AB2FB891343FB813B685B881B019AB270
:10907000FB891343FB817B68224A934203D07B68C0
:10908000214A93422BD1FB8923F08003FB813B686B
:10909000DB891B019AB2FB891343FB81FB8923F017
:1090A0004003FB813B689B881B019AB2FB891343F9
:1090B000FB81BB8923F48063BB81BB8923F40063FC
:1090C000BB813B681B8A9B009AB2BB891343BB815F
:1090D0003B685B8A9B009AB2BB891343BB817B6868
:1090E000BA899A807B687A891A833B689A687B6818
:1090F0009A637B68FA891A8400BF1437BD4680BC26
:10910000704700BF000001400004014080B485B0FA
:1091100000AF7860396000237B810023FB8100234E
:10912000BB817B681B8C9BB223F480739AB27B68F3
:109130001A847B681B8CFB817B689B88BB817B6866
:109140009B8B7B817B8923F070037B817B8923F060
:1091500003037B813B681A887B8913437B81FB89EE
:1091600023F40073FB813B689B891B029AB2FB8945
:109170001343FB813B685B881B029AB2FB89134354
:10918000FB817B68224A934203D07B68214A934249
:109190002BD1FB8923F40063FB813B68DB891B0235
:1091A0009AB2FB891343FB81FB8923F48063FB8123
:1091B0003B689B881B029AB2FB891343FB81BB89E6
:1091C00023F48053BB81BB8923F40053BB813B68EC
:1091D0001B8A1B019AB2BB891343BB813B685B8A24
:1091E0001B019AB2BB891343BB817B68BA899A8001
:1091F0007B687A899A833B689A687B68DA637B68C4
:10920000FA891A8400BF1437BD4680BC704700BF7E
:10921000000001400004014080B485B000AF7860D8
:1092200039600023BB8100237B810023FB817B68A5
:109230001B8C9BB223F480539AB27B681A847B68A0
:109240001B8C7B817B689B88FB817B689B8BBB81B4
:10925000BB8923F4E043BB81BB8923F44073BB810A
:109260003B681B881B029AB2BB891343BB817B8975
:1092700023F400537B813B689B891B039AB27B8953
:1092800013437B813B685B881B039AB27B89134342
:109290007B817B68114A934203D07B68104A9342DA
:1092A0000AD1FB8923F48043FB813B681B8A9B0125
:1092B0009AB2FB891343FB817B68FA899A807B68A9
:1092C000BA899A833B689A687B681A647B687A8952
:1092D0001A8400BF1437BD4680BC704700000140AF
:1092E0000004014080B483B000AF786039607B68CF
:1092F0003A685A6300BF0C37BD4680BC704780B4E3
:1093000083B000AF786039607B683A689A6300BFC9
:109310000C37BD4680BC704780B483B000AF786026
:1093200039607B683A68DA6300BF0C37BD4680BCA1
:10933000704780B483B000AF786039607B683A686A
:109340001A6400BF0C37BD4680BC704780B485B03E
:1093500000AF78600B467B800023FB817B681B8B12
:10936000FB81FB8923F00803FB81FA897B88134387
:10937000FB817B68FA891A8300BF1437BD4680BC25
:10938000704780B485B000AF78600B467B800023C7
:10939000FB817B681B8BFB81FB8923F40063FB81D2
:1093A0007B881B029AB2FB891343FB817B68FA8995
:1093B0001A8300BF1437BD4680BC704780B485B0A7
:1093C00000AF78600B467B800023FB817B689B8B22
:1093D000FB81FB8923F00803FB81FA897B88134317
:1093E000FB817B68FA899A8300BF1437BD4680BC35
:1093F000704780B485B000AF78600B467B80002357
:10940000FB817B689B8BFB81FB8923F40063FB81E1
:109410007B881B029AB2FB891343FB817B68FA8924
:109420009A8300BF1437BD4680BC704780B483B0B8
:1094300000AF78600B467B8013467B707B78002BF7
:1094400008D07B689B899AB27B8813439AB27B6869
:109450009A8109E07B689B899AB27B88DB439BB247
:1094600013409AB27B689A8100BF0C37BD4680BC1E
:10947000704780B485B000AF78600B467B800023D6
:10948000FB730023BB8100237B817B681B8A9AB21C
:109490007B881340BB817B689B899AB27B88134091
:1094A0007B81BB89002B05D07B89002B02D0012357
:1094B000FB7301E00023FB73FB7B18461437BD46AA
:1094C00080BC704780B483B000AF78600B467B806F
:1094D0007B88DB439AB27B681A8200BF0C37BD469B
:1094E00080BC704780B582B000AF78607B683B4A33
:1094F000934208D101211020FFF760FB00211020CA
:10950000FFF75CFB65E07B68354A93420AD1012195
:109510004FF40030FFF734FB00214FF40030FFF729
:109520002FFB56E07B682F4A93420AD101214FF46A
:109530008020FFF725FB00214FF48020FFF720FB60
:1095400047E07B68284A93420AD101214FF400206A
:10955000FFF716FB00214FF40020FFF711FB38E066
:109560007B68224A93420AD101214FF48010FFF711
:1095700007FB00214FF48010FFF702FB29E07B6816
:109580001B4A934208D101212020FFF717FB00213D
:109590002020FFF713FB1CE07B68164A93420AD198
:1095A00001214FF08040FFF7EBFA00214FF080409F
:1095B000FFF7E6FA0DE07B680F4A934209D10121DB
:1095C0004FF00040FFF7DCFA00214FF00040FFF7BA
:1095D000D7FA00BF0837BD4680BD00BF001001406C
:1095E0000044004000480040004C00400050004053
:1095F0000014014000780040007C004080B58AB033
:1096000000AF7860396000237B6200233B62002357
:10961000FB610023BB617B681B8A9BB27B627B6A18
:1096200023F440537B623B68DB881A467B6A134312
:109630007B627B6A9AB27B681A827B689B899BB249
:109640007B627B6A23F4B05323F00C037B623B689C
:109650009A883B681B8913439AB23B685B89134322
:109660009BB21A467B6A13437B627B6A9AB27B6821
:109670009A817B689B8A9BB27B627B6A23F44073EE
:109680007B623B689B891A467B6A13437B627B6AD9
:109690009AB27B689A8207F108031846FFF770F9BF
:1096A0007B68304A934203D07B682F4A934202D1B1
:1096B0007B693B6201E03B693B627B689B899BB2B3
:1096C0001BB2002B0CDA3A6A13469B0013449A0033
:1096D0001A443B681B685B00B2FBF3F3FB610BE0D1
:1096E0003A6A13469B0013449A001A443B681B686D
:1096F0009B00B2FBF3F3FB61FB691C4AA2FB032353
:109700005B091B017B627B6A1B09642202FB03F37A
:10971000FA69D31ABB617B689B899BB21BB2002B91
:109720000CDABB69DB003233104AA2FB03235B096E
:1097300003F007037A6A13437B620BE0BB691B01EA
:1097400032330A4AA2FB03235B0903F00F037A6A50
:1097500013437B627B6A9AB27B681A8100BF283709
:10976000BD4680BD00100140001401401F85EB5133
:1097700080B483B000AF78600B46FB70FB78002BA1
:1097800008D07B689B899BB243F400539AB27B68F4
:109790009A8107E07B689B899BB223F400539AB2BD
:1097A0007B689A8100BF0C37BD4680BC704780B48F
:1097B00083B000AF78600B467B8013467B707B786C
:1097C000002B08D07B689B8A9AB27B8813439AB29D
:1097D0007B689A8209E07B689B8A9AB27B88DB432C
:1097E0009BB213409AB27B689A8200BF0C37BD4689
:1097F00080BC7047736C696465722C25752C257567
:10980000000000005B75617274315D20736C6964E7
:1098100065723D25752076616C75653D25750D0A6F
:10982000000000005B75617274315D207061636BD4
:1098300065743D25730D0A004154544954554445FF
:109840002036415800000000503A252B332E326656
:1098500000000000523A252B332E32660000000033
:10986000593A252B332E32660000000041583A2524
:109870002B36640041593A252B366400415A3A256B
:109880002B36640054203A252B3664005B706C6FD5
:10989000742C25322E32662C25322E32662C25323F
:1098A0002E32665D0D0A000000000000000000007E
:1098B000002F000000000700070000147F147F1431
:1098C00000242A7F2A1200626408132300364955B7
:1098D000225000000503000000001C22410000008F
:1098E00041221C000014083E08140008083E080825
:1098F000000000A060000008080808080000606080
:109900000000002010080402003E5149453E0000BE
:10991000427F4000004261514946002141454B31A0
:10992000001814127F10002745454539003C4A496C
:1099300049300001710905030036494949360006DE
:109940004949291E00003636000000005636000046
:1099500000081422410000141414141400004122C1
:10996000140800020151090600324959513E007C99
:109970001211127C007F49494936003E4141412283
:10998000007F4141221C007F49494941007F09096C
:109990000901003E4149497A007F0808087F00001C
:1099A000417F4100002040413F01007F08142241D7
:1099B000007F40404040007F020C027F007F04088F
:1099C000107F003E4141413E007F09090906003EEB
:1099D0004151215E007F0919294600464949493114
:1099E0000001017F0101003F4040403F001F204037
:1099F000201F003F4038403F0063140814630007F5
:109A00000870080700615149454300007F4141004B
:109A100000552A552A55000041417F0000040201EB
:109A200002040040404040400000010204000020C9
:109A300054545478007F4844443800384444442007
:109A400000384444487F00385454541800087E09B4
:109A500001020018A4A4A47C007F0804047800007C
:109A6000447D4000004080847D00007F1028440039
:109A70000000417F4000007C04180478007C08044A
:109A8000047800384444443800FC24242418001886
:109A9000242418FC007C0804040800485454542072
:109AA00000043F444020003C4040207C001C2040FB
:109AB000201C003C4030403C004428102844001C3E
:109AC000A0A0A07C004464544C4414141414141436
:109AD0000000000000000000000000000000FC008A
:109AE0000000000002000000000C020C0200000058
:109AF0000000000090D0BCD0BC9000030003000028
:109B00001824FE448C000302070201001824D8B078
:109B10004C80000300010201C038E438E00001027B
:109B20000201020208060000000000000000000020
:109B3000000000F80402000000010204000204F822
:109B400000000004020100009060F8609000000036
:109B5000010000002020FC20200000000100000087
:109B60000000000000000806000000002020202067
:109B700020000000000000000000000000000002C3
:109B8000000000000080601C0200040300000000D0
:109B9000F8040404F8000102020201000008FC00BD
:109BA000000000020302000018844424180003028D
:109BB0000202020008042424D8000102020201006B
:109BC00040B088FC80000000000302003C242424F4
:109BD000C400010202020100F824242CC00001028A
:109BE000020201000C04E41C040000000300000059
:109BF000D8242424D800010202020100384444443D
:109C0000F800000302020100000010000000000044
:109C1000020000000000200000000000060000001C
:109C200000205088040200000000010290909090F3
:109C30009000000000000000000204885020000294
:109C4000010000001804C4241800000002000000F5
:109C5000F804E494F80001020202020000E09CF023
:109C6000800002030000030204FC2424D800020345
:109C700002020100F80404040C00010202020100C7
:109C800004FC0404F80002030202010004FC247432
:109C90000C0002030202030004FC24740C00020303
:109CA00002000000F0080444CC4000010202010060
:109CB00004FC2020FC040203000003020404FC0452
:109CC0000400020203020200000404FC040406046F
:109CD0000403000004FC24D00C040203020003026D
:109CE00004FC04000000020302020203FC3CC03C2E
:109CF000FC0003000300030004FC30C4FC04020366
:109D000002000300F8040404F8000102020201004A
:109D100004FC24241800020302000000F8848404D8
:109D2000F80001020207050004FC24649800020305
:109D300002000302182424448C00030202020100E2
:109D40000C04FC040C0000020302000004FC0000F0
:109D5000FC04000102020100047C80E01C040000FD
:109D6000030000001CE03CE01C00000300030000B6
:109D7000049C609C0400020300030200041CE01C1D
:109D800004000002030200000C84641C04000203AF
:109D9000020203000000FE020200000007040400AB
:109DA000000E30C00000000000010200000202FEB0
:109DB000000000040407000000040204000000008A
:109DC0000000000000000000000008080808080863
:109DD0000000020000000000000000000040A0A001
:109DE000C00000010202030204FC2020C0000003A6
:109DF0000202010000C020206000000102020200F7
:109E000000C02024FC0000010202030200C0A0A048
:109E1000C0000001020202000020F8242404000215
:109E2000030202000040A0A0602000070A0A0A0402
:109E300004FC2020C0000203020003020020E40012
:109E40000000000203020000000020E400000808F7
:109E50000807000004FC80E0202002030200030247
:109E60000404FC000000020203020200E020E020E3
:109E7000C00003000300030020E02020C000020314
:109E80000200030200C02020C00000010202010005
:109E900020E02020C000080F0A02010000C020209E
:109EA000E0000001020A0F0820E040202000020329
:109EB000020000000060A0A02000000202020300D7
:109EC0000020F820000000000102020020E0002035
:109ED000E00000010202030220E020806020000078
:109EE000030100006080E0806000000300030000C8
:109EF00020608060200002030003020020E0208038
:109F000060200808070100000020A0602000000277
:109F100003020200000020DE02000000000704002F
:109F2000000000FF00000000000F00000002DE2023
:109F30000000000407000000020102040402000007
:109F40000000000000000000000000000000000011
:109F500000000000000000F80000000000000033D6
:109F60003000000000100C06100C0600000000007D
:109F70000000000040C07840C0784000043F040466
:109F80003F040400007088FC08300000001820FF27
:109F9000211E0000F008F000E018000000211C0362
:109FA0001E211E0000F00888700000001E212324DE
:109FB0001927211010160E000000000000000000FC
:109FC00000000000000000E018040200000000078C
:109FD0001820400000020418E00000000040201893
:109FE00007000000404080F0804040000202010F66
:109FF00001020200000000F0000000000101011F4A
:10A0000001010100000000000000000080B07000AD
:10A01000000000000000000000000000000101013D
:10A0200001010101000000000000000000303000CC
:10A0300000000000000000008060180400601806A6
:10A040000100000000E010080810E000000F1020E0
:10A0500020100F00001010F8000000000020203F2A
:10A0600020200000007008080888700000302824B4
:10A070002221300000300888884830000018202055
:10A0800020110E000000C02010F80000000704247A
:10A09000243F240000F808888808080000192120BF
:10A0A00020110E0000E0108888180000000F112019
:10A0B00020110E0000380808C83808000000003FD2
:10A0C000000000000070880808887000001C222131
:10A0D00021221C0000E010080810E00000003122DE
:10A0E00022110F00000000C0C0000000000000307E
:10A0F00030000000000000800000000000008060D0
:10A100000000000000008040201008000001020450
:10A110000810200040404040404040000404040437
:10A1200004040400000810204080000000201008F3
:10A1300004020100007048080808F0000000003028
:10A1400036010000C030C828E810E00007182724B6
:10A1500023140B000000C038E0000000203C230264
:10A160000227382008F8888888700000203F2020C7
:10A1700020110E00C03008080808380007182020F9
:10A180002010080008F808080810E000203F2020F0
:10A1900020100F0008F88888E8081000203F2020D1
:10A1A0002320180008F88888E8081000203F2000C5
:10A1B00003000000C03008080838000007182020FD
:10A1C000221E020008F808000008F808203F2101BC
:10A1D00001213F20000808F8080800000020203F67
:10A1E0002020000000000808F8080800C0808080D7
:10A1F0007F00000008F888C028180800203F2001D0
:10A200002638200008F8080000000000203F202029
:10A210002020300008F8F800F8F80800203F003F40
:10A22000003F200008F830C00008F808203F200058
:10A2300007183F00E01008080810E0000F10202069
:10A2400020100F0008F808080808F000203F21013E
:10A2500001010000E01008080810E0000F18242495
:10A2600038504F0008F8888888887000203F200008
:10A27000030C3020007088080808380000382021BE
:10A2800021221C00180808F8080818000000203FC8
:10A290002000000008F808000008F808001F20202F
:10A2A00020201F000878880000C838080000073800
:10A2B0000E010000F80800F80008F800033C070051
:10A2C000073C0300081868808068180820302C03B9
:10A2D000032C30200838C800C83808000000203F90
:10A2E0002000000010080808C8380800203826217F
:10A2F00020201800000000FE020202000000007F83
:10A3000040404000000C30C0000000000000000190
:10A310000638C00000020202FE000000004040407B
:10A320007F000000000004020202040000000000A0
:10A33000000000000000000000000000808080801D
:10A340008080808000020204000000000000000005
:10A35000000000000000808080800000001924229E
:10A3600022223F2008F8008080000000003F1120DA
:10A3700020110E000000008080800000000E1120DF
:10A3800020201100000000808088F800000E1120BD
:10A3900020103F200000808080800000001F2222CB
:10A3A00022221300008080F0888888180020203F37
:10A3B000202000000000808080808000006B94944A
:10A3C0009493600008F8008080800000203F210006
:10A3D00000203F2000809898000000000020203FCF
:10A3E00020200000000000809898000000C08080BD
:10A3F000807F000008F8000080808000203F240259
:10A400002D302000000808F8000000000020203F48
:10A41000202000008080808080808000203F2000FD
:10A420003F20003F8080008080800000203F21008E
:10A4300000203F200000808080800000001F20203E
:10A4400020201F00808000808000000080FFA1206D
:10A4500020110E000000008080808000000E11207E
:10A4600020A0FF80808080008080800020203F210D
:10A4700020000100000080808080800000332424C0
:10A4800024241900008080E0808000000000001F6C
:10A49000202000008080000000808000001F20201D
:10A4A00020103F20808080000080808000010E30DE
:10A4B0000806010080800080008080800F300C033F
:10A4C0000C300F0000808000808080000020312E42
:10A4D0000E312000808080000080808080818E701E
:10A4E0001806010000808080808080000021302CD0
:10A4F0002221300000000000807C020200000000E9
:10A50000003F404000000000FF000000000000008D
:10A51000FF0000000002027C800000000040403F7D
:10A520000000000000060101020204040000000017
:10A53000000000000000000000000000000000001B
:10A54000000000000000000000000000000000000B
:10A5500000000000000000000000000000F0F0F02B
:10A56000000000000000000000017F01000000006A
:10A5700000000000001C1C1C0000000000008060A7
:10A58000301C8C60301C0C0000000000000000003B
:10A5900000000000000000000000000000000000BB
:10A5A000000000E00000000000E000000086E69FE0
:10A5B00086868686E69F860000011F010101010153
:10A5C0001F010100000080C06020F820E0C00000F2
:10A5D000000003070C18FF70E18100000000070F66
:10A5E00010107F100F0700008060206080000000C6
:10A5F000E02000000F3020309F70DC371030C000AA
:10A600000000100E03000718101807000000C020FB
:10A6100020E0C0000000000080E01F38E88703C48D
:10A620003C040000070F1810100B070D1010080055
:10A6300000808C4C3800000000000000000000008A
:10A64000000000000000000000000000000000000A
:10A650000000000000000000000080E0300804005E
:10A660000000000000FEFF010000000000000000EC
:10A670000000030F1820400000040830E0800000B4
:10A68000000000000000000001FFFE0000000000CC
:10A69000004020180F030000000000000000000030
:10A6A0000000C00000000000004266663C18FF1871
:10A6B0003C6666420000000000000300000000004D
:10A6C00000000000000080000000000000101010DA
:10A6D0001010FF1010101010000000000000030008
:10A6E000000000000000000000000000000000006A
:10A6F00000000000000000000000000000808C4C02
:10A700003800000000000000000000000000000011
:10A710000000000000101010101010101010100099
:10A720000000000000000000000000000000000029
:10A730000000000000000000000000000000000019
:10A740000000000000001C1C1C00000000000000B5
:10A750000000000000000000E0380C0000000000D5
:10A7600080701C03000000000060380E0100000033
:10A7700000000000000080C060202060C080000059
:10A7800000FEFF010000000001FFFE000001070EB7
:10A79000181010180E0701000000808080C0E00033
:10A7A000000000000000000000FFFF0000000000AB
:10A7B00000001010101F1F1010100000008040201B
:10A7C00020202060C080000000030300804020386B
:10A7D0001F070000001C1A1918181818181F00006D
:10A7E0000080C020202060C0800000000003030023
:10A7F0001010182FE780000000070F10101010181D
:10A800000F070000000000000000C0E0F0000000A2
:10A8100000C0B088868180FFFF80800000000000BB
:10A820000010101F1F1010000000E06060606060EA
:10A830006060000000003F1008080818F0E0000009
:10A8400000070B101010101C0F030000000080C048
:10A8500040202020E0C0000000FCFF211008080874
:10A8600018F0E0000001070C18101010080F03008A
:10A870000000C0E06060606060E060000000030015
:10A880000000E0180700000000000000001F1F008B
:10A89000000000000080C0602020202060C08000F8
:10A8A0000087EF2C1818303068CF830000070F089E
:10A8B00010101010180F07000000C0C0202020202A
:10A8C000C0800000001F3F604040402010FFFE009D
:10A8D00000000C1C101010080F0300000000000006
:10A8E000000000000000000000000000000E0E0E3E
:10A8F0000000000000000000001C1C1C0000000004
:10A900000000000000000000000000000000000047
:10A91000000C0C000000000000000000005838008F
:10A920000000000000000000000000804020100037
:10A930000000102844820100000000000000000018
:10A9400000000102040810000000000000000000E8
:10A9500000000000008484848484848484848400CF
:10A9600000000000000000000000000000001020B7
:10A970004080000000000000000000000000018294
:10A98000442810000000100804020100000000002C
:10A9900000C020201010101030E0C00000030300A1
:10A9A00000F010080C070300000000001C1C1C0035
:10A9B00000000000000000C0406020202040C000D7
:10A9C00000FCFF01F00E03C1FE03807F0001070EB3
:10A9D00008111110110904020000000080E0E000DD
:10A9E000000000000000807C4340477FF8800000AA
:10A9F00010181F1000000000131F1C1020E0E020A2
:10AA000020202060C080000000FFFF1010101018F0
:10AA10002FE78000101F1F1010101010180F0700D4
:10AA2000000080C0402020202060E00000FCFF01EA
:10AA300000000000000001000001070E18101010B7
:10AA40000804030020E0E02020202040C080000017
:10AA500000FFFF000000000001FFFE00101F1F109C
:10AA6000101018080E07010020E0E0202020202010
:10AA70002060800000FFFF101010107C000000001C
:10AA8000101F1F10101010101018060020E0E020FA
:10AA9000202020206060800000FFFF101010107C3C
:10AAA00000000100101F1F10000000000000000047
:10AAB000000080C06020202040E0000000FCFF017A
:10AAC00000004040C0C140400001070E18101010A7
:10AAD0000F0F000020E0E0200000000020E0E02058
:10AAE00000FFFF101010101010FFFF00101F1F10AC
:10AAF00000000000101F1F100000202020E0E020B8
:10AB0000202000000000000000FFFF000000000007
:10AB100000001010101F1F10101000000000000097
:10AB2000202020E0E020202000000000000000FFA6
:10AB3000FF0000000060E0808080C07F3F000000D8
:10AB400020E0E020000020A06020200000FFFF3077
:10AB5000187CE3C000000000101F1F10000001134C
:10AB60001F1C181020E0E020000000000000000082
:10AB700000FFFF000000000000000000101F1F1079
:10AB8000101010101018060020E0E0E00000000097
:10AB9000E0E0E02000FF013FFEC0E01E01FFFF00FB
:10ABA000101F1000031F0300101F1F1020E0E0C043
:10ABB000000000000020E02000FF0003071C78E0F8
:10ABC0008000FF00101F100000000000030F1F0096
:10ABD000000080C060202060C080000000FEFF01F7
:10ABE0000000000000FFFE000001070E1810101802
:10ABF0000C07010020E0E0202020202060C0800021
:10AC000000FFFF2020202020301F0F00101F1F10EA
:10AC10000000000000000000000080C060202060F4
:10AC2000C080000000FEFF010000000000FFFE00E9
:10AC30000001070E1111133C7C67210020E0E02089
:10AC40002020202060C0800000FFFF101030F0D0D6
:10AC5000080F0700101F1F10000000030F1C10102A
:10AC60000080C060202020204040E00000070F0C42
:10AC70001818303060E08100001F0C081010101010
:10AC8000180F07008060202020E0E0202020608056
:10AC90000100000000FFFF000000000100000000B4
:10ACA000101F1F100000000020E0E0200000000046
:10ACB0000020E02000FFFF00000000000000FF0077
:10ACC00000070F1810101010100807002060E0E0B7
:10ACD0002000000020E060200000077FF880008056
:10ACE0007C03000000000000071F1C07000000009C
:10ACF00020E0E02000E0E0200020E0200007FFF856
:10AD0000E01FFFFCE01F00000000031F0300011F05
:10AD100003000000002060E0A0000020E0602000B0
:10AD2000000000038F7CF8C6010000000010181E10
:10AD3000130001171F1810002060E0E02000000041
:10AD400020E06020000001073EF8E0180700000046
:10AD500000000010101F1F10100000000080602075
:10AD6000202020A0E0E0200000000000C0F03E0F06
:10AD70000300000000101C1F171010101018060010
:10AD80000000000000FC04040404040000000000B3
:10AD900000FF00000000000000000000007F4040B5
:10ADA00040404000000010E00000000000000000F3
:10ADB00000000000031C6080000000000000000094
:10ADC000000000030C70800000000404040404FC74
:10ADD0000000000000000000000000FF0000000074
:10ADE000000040404040407F000000000000001094
:10ADF000080C040C08100000000000000000000017
:10AE00000000000000000000000000000000000042
:10AE10000000000000000000000000000000000032
:10AE20000000000000000000808080808080808022
:10AE300080808080000000040408080000000000FA
:10AE40000000000000000000000000000000000002
:10AE500000000000000000000000000000000000F2
:10AE600000000000000098D844642424FCF800008E
:10AE7000000F1F18101010081F1F10180020E0F0FE
:10AE800000000000000000000000FFFF180804049C
:10AE90000CF8F00000001F0F18101010180F03001E
:10AEA00000000000000000000000000000E0F818B2
:10AEB0000404043C3800000000030F0C10101010B4
:10AEC000080600000000000000000020E0F0000084
:10AED00000E0F81C04040408FFFF000000030F1842
:10AEE000101010081F0F08000000000000000000F4
:10AEF000000000000000E0F8484444444C78700032
:10AF00000000030F0C1810101008040000000000CF
:10AF100080C0602020E0C00000040404FFFF04049F
:10AF200004040000000010101F1F1010100000008B
:10AF3000000000000000000000000000000070F8A9
:10AF40008C04048CF874040C007076CF8D8D8D8980
:10AF5000C87870000020E0F0000000000000000051
:10AF60000000FFFF08040404FCF8000000101F1F8D
:10AF7000100000101F1F10000000000000606000A3
:10AF8000000000000000040404FCFC0000000000BD
:10AF900000001010101F1F10101000000000000013
:10AFA000000000606000000000000000040404FCD9
:10AFB000FC0000000000C0C08080C07F3F00000097
:10AFC0000020E0F000000000000000000000FFFF93
:10AFD00080C0F41C0404000000101F1F1100031F98
:10AFE0001C1010000000202020E0F00000000000F5
:10AFF0000000000000FFFF00000000000000101033
:10B00000101F1F10101000000000000000000000C2
:10B010000000000004FCFC0804FCFC0804FCFC002C
:10B02000101F1F10001F1F10001F1F100000000026
:10B0300000000000000000000004FCFC08080404FC
:10B04000FCF8000000101F1F100000101F1F100050
:10B0500000000000000000000000000000E0F01808
:10B060000C04040C18F0E00000030F0C101010107A
:10B070000C0F0300000000000000000000000000B2
:10B080000004FCFC080404040CF8F0000080FFFF3E
:10B09000889010101C0F030000000000000000004A
:10B0A0000000000000E0F81C04040408F8FC0000A4
:10B0B00000030F1810109088FFFF800000000000B0
:10B0C0000000000000000000040404FCFC10080460
:10B0D000040C0C001010101F1F10101000000000B6
:10B0E00000000000000000000000000000003078B8
:10B0F000CCC48484840C1C0000001E181010101195
:10B10000190F06000000000000C000000000000051
:10B1100000040404FFFF0404040000000000000019
:10B120000F1F1010100C00000000000000000000B5
:10B13000000000000004FCFE00000004FCFE000013
:10B1400000000F1F181010081F0F0800000000005B
:10B15000000000000000000000040C3CFCC40000E3
:10B16000C43C0C0400000000010F1E0E0100000092
:10B17000000000000000000000000000043CFCC4CF
:10B1800000E47CFC84807C040000071F07000007AB
:10B190001F07000000000000000000000000000089
:10B1A0000004041C7CE4C0341C0404000010101CC7
:10B1B0001601131F1C181000000000000000000002
:10B1C0000000000000040C3CFCC400C43C0404006B
:10B1D0000000C080C1370E01000000000000000028
:10B1E000000000000000000000001C0404C4F47C07
:10B1F0001C0400000000101C1F17111010180E0076
:10B2000000000000000000F80C0400000000000036
:10B21000001028EF00000000000000000000003FC8
:10B2200060400000000000000000FF00000000007F
:10B23000000000000000FF0000000000000000000F
:10B240000000FF00000000000000040CF8000000F7
:10B250000000000000000000EF28100000000000C7
:10B26000000040603F0000000000000000180602DF
:10B270000204081020203008000000000000000038
:10B2800000000000000000000000000000000000BE
:10B290000000F010101010FF10101010F00000004F
:10B2A00000000F04040404FF040404040F00000061
:10B2B0004040405F555555755555555F40404000DD
:10B2C0000040200F094989790909090F2040000031
:10B2D00000FE02424ACA4A4ACA4A4A4202FE0000E4
:10B2E00000FF40504C4340404F50505C40FF000036
:10B2F0000000F888888888FF88888888F80000001F
:10B3000000001F080808087F888888889F80F00050
:10B3100080828282828282E2A2928A8682808000F9
:10B32000000000000040807F0000000000000000DE
:10B33000101010FF109008888888FF8888880800FF
:10B340000444827F01808040432C10284681800085
:10B350000010101010D030FF30D0121C1010000060
:10B3600010080402010000FF0000010204081000A0
:10B3700004040484E43C2724242424E40404040076
:10B3800004020100FF0909090949897F0000000042
:10B3900000FE225A8600FE9292929292FE000000D7
:10B3A00000FF04080700FF4020030C142241400066
:10B3B0000080402018068000071820408000000010
:10B3C000010020702826212020243860000101007F
:10B3D000001012929292929292121202FE000000BB
:10B3E0000000003F101010103F0040807F00000060
:10B3F000000000C080808080808080FC848080800D
:10B40000808080C0C0000000000000FF7F404040FE
:10B41000404040FF40404040404040FF7F0000002F
:10B4200000000000000000000000007F700000002D
:10B43000000000000000000000000000000000000C
:10B4400000000000000000FCF80000000000000008
:10B45000000000000000000000000000FFFE0202EB
:10B4600002020202020202FFFF02020202020202C2
:10B470000202FF0300000000000000001F1F040480
:10B4800004040404040404FFFF0404040404040486
:10B4900004041F0000000000000000000000000085
:10B4A000000000000000007F3F00000000000000DE
:10B4B000000000000000000000000000000000008C
:10B4C000000000000000000000000000000000007C
:10B4D0000000000000F8F8F0F0702000000000000C
:10B4E000000000000000000000000000000000005C
:10B4F000000000000000000000000000000000004C
:10B5000080000000000000000000000000000000BB
:10B510000000000000FFFFFFFF000000000000002F
:10B52000000000000000000000000000808000001B
:10B53000000000000000000000000000000000000B
:10B5400000FFFFFE060606060606060606060606B7
:10B550000606060606FFFFFFFF06060606060606A7
:10B560000606060606060606060606FFFFFFFF0796
:10B5700002000000000000000000000000000000C9
:10B5800000FFFFFF000000000000000000000000BE
:10B590000000000000FFFFFFFF00000000000000AF
:10B5A0000000000000000000000000FFFFFFFF009F
:10B5B000000000000000000000000000000000008B
:10B5C00000FFFFFF1818181818181818181818185E
:10B5D0001818181818FFFFFFFF181818181818184F
:10B5E0001818181818181818181818FFFFFFFF0057
:10B5F000000000000000000000000000000000004B
:10B600000201010000000000000000000000000036
:10B610000000000000FFFFFFFF000000000000002E
:10B620000000000000000000000000010100000018
:10B63000000000000000000000000000000000000A
:10B6400000000000000000000000000000000000FA
:10B650000000000000FFFFFFFF00000000000000EE
:10B6600000000000000000000000000000000000DA
:10B6700000000000000000000000000000000000CA
:10B6800000000000000000000000000000000000BA
:10B6900000000000001F1F0F0F000000000000004E
:10B6A000000000000000000000000000000000009A
:10B6B0000000000000000000000FC93F000F4940DB
:10B6C00000CB9640000FC9400053FB4000CB164111
:10B6D00000ED2F41000F49410031624100537B4191
:10B6E000003A8A4100CB9641005CA34100EDAF4196
:10B6F000007EBC41000FC94100A0D5410031E241AC
:10B7000000C2EE410053FB4100F20342003A0A42FC
:10B710000083104200CB164200141D42005C2342FD
:10B7200000A5294200ED2F4200363642007E3C4201
:10B7300000C74242000F4942A2000000F900000089
:10B74000830000006E0000004E0000004400000076
:10B750001500000029000000FC0000002700000088
:10B7600057000000D1000000F50000003400000088
:10B77000DD000000C0000000DB00000062000000EF
:10B7800095000000990000003C000000430000000C
:10B790009000000041000000FE0000005100000089
:10B7A00063000000AB000000DE000000BB000000F2
:10B7B000C500000061000000B70000002400000088
:10B7C0006E0000003A000000420000004D00000042
:10B7D000D2000000E0000000060000004900000068
:10B7E0002E000000EA00000009000000D100000067
:10B7F000920000001C000000FE0000001D00000080
:10B80000EB0000001C000000B10000002900000057
:10B81000A70000003E000000E800000082000000D9
:10B8200035000000F50000002E000000BB00000005
:10B830004400000084000000E90000009C000000BB
:10B840007000000026000000B40000005F0000004F
:10B850007E0000004100000039000000910000005F
:10B86000D6000000390000008300000053000000F3
:10B8700039000000F40000009C000000840000007B
:10B880005F0000008B000000BD000000F900000018
:10B89000280000003B0000001F000000F80000002E
:10B8A00097000000FF000000DE000000050000001F
:10B8B000980000000F000000EF0000002F000000C3
:10B8C000110000008B0000005A0000000A00000078
:10B8D0006D0000001F0000006D0000003600000039
:10B8E0007E000000CF00000027000000CB00000019
:10B8F00009000000B70000004F00000046000000F3
:10B900003F000000660000009E0000005F00000095
:10B91000EA0000002D000000750000002700000074
:10B92000BA000000C7000000EB000000E5000000C6
:10B93000F10000007B0000003D0000000700000057
:10B9400039000000F70000008A00000052000000EB
:10B9500092000000EA0000006B000000FB00000005
:10B960005F000000B10000001F0000008D0000001B
:10B970005D00000008000000560000000300000009
:10B980003000000046000000FC0000007B000000CA
:10B990006B000000AB000000F0000000CF000000D2
:10B9A000BC000000200000009A000000F40000002D
:10B9B000360000001D000000A9000000E3000000A8
:10B9C00091000000610000005E000000E600000041
:10B9D0001B00000008000000650000009900000046
:10B9E000850000005F00000014000000A0000000BF
:10B9F00068000000400000008D000000FF00000013
:10BA0000D8000000800000004D000000730000001E
:10BA100027000000310000000600000006000000C2
:10BA20001500000056000000CA000000730000006E
:10BA3000A8000000C900000060000000E200000053
:10BA40007B000000C00000008C0000006B000000C4
:10BA50000400000007000000090000000000C93FCA
:10BA60000000F0390000DA370000A2330000842E15
:10BA70000000502B0000C2270000D0220000C41F8D
:10BA80000000C61B000044173863ED3EDA0F493F43
:10BA90005E987B3FDA0FC93F6937AC3168212233AA
:10BAA000B40F14336821A233300000207CBC00089E
:10BAB00080BC000884BC00080000000000000000FA
:10BAC0000000000000000000000000000000000076
:10BAD0000000000000000000000000000000000066
:10BAE0000000000000000000000000000000000056
:10BAF0000000000000000000000000000000000046
:10BB00000000000000000000000000000000000035
:10BB10000000000000000000002020202020202045
:10BB200020202828282828202020202020202020ED
:10BB300020202020202020202088101010101010FD
:10BB40001010101010101010100404040404040449
:10BB500004040410101010101010414141414141E3
:10BB600001010101010101010101010101010101C5
:10BB700001010101101010101010424242424242D5
:10BB80000202020202020202020202020202020295
:10BB9000020202021010101020000000000000003D
:10BBA0000000000000000000000000000000000095
:10BBB0000000000000000000000000000000000085
:10BBC0000000000000000000000000000000000075
:10BBD0000000000000000000000000000000000065
:10BBE0000000000000000000000000000000000055
:10BBF0000000000000000000000000000000000045
:10BC00000000000000000000000000000000000034
:10BC10000000000000000000000000006173696E79
:10BC2000660000007371727466000000232D302BD3
:10BC300020000000686C4C006566674546470000C0
:10BC40003031323334353637383941424344454652
:10BC50000000000030313233343536373839616214
:10BC60006364656600000000412D46612D66383929
:10BC700030313233343536375D0000002B2D000073
:10BC8000303000007858000043000000504F534906
:10BC9000580000002E000000F8B500BFF8BC08BC3A
:10BCA0009E467047F8B500BFF8BC08BC9E4670477A
:04BCB000290200085D
:04BCB4000102000881
:10BCB80068000000007A030A00000000000000008D
:10BCC800010203040607080900000000010203043A
:10BCD80001020304060708090100000030000020E3
:10BCE80000000000F8BA0008D8BA0008B8BA00087E
:10BCF800000000000000000000000000000000003C
:10BD0800000000000000000000000000000000002B
:10BD1800000000000000000000000000000000001B
:10BD2800000000000000000000000000000000000B
:10BD380000000000000000000000000000000000FB
:10BD480043000000000000000000000000000000A8
:10BD580000000000000000000000000000000000DB
:10BD68004300000000000000000000000000000088
:10BD780000000000000000000000000000000000BB
:10BD88004300000000000000000000000000000068
:10BD9800000000000000000000000000000000009B
:10BDA8004300000000000000000000000000000048
:10BDB800000000000000000000000000000000007B
:10BDC8004300000000000000000000000000000028
:10BDD800000000000000000000000000000000005B
:10BDE8004300000000000000000000000000000008
:10BDF800000000000000000000000000000000003B
:10BE080043000000000000000000000000000000E7
:10BE1800000000000000000000000000000000001A
:10BE2800414B0008BD4400080000000018BB000892
:10BE380094BC000850BC000850BC000850BC000866
:10BE480050BC000850BC000850BC000850BC00089A
:10BE580050BC000850BC0008FFFFFFFFFFFFFFFFBA
:10BE6800FFFFFFFFFFFF0000010041534349490066
:10BE780000000000000000000000000000000000BA
:10BE88000000000000000000000041534349490041
:10BE9800000000000000000000000000000000009A
:0CBEA8000000000000000000000000008E
:0400000508007DE191
:00000001FF
